name,build_time
t1_c1_13r3s12o,1.237472
t1_c1_13r3s12o,1.011592
t1_c1_13r3s12o,0.976803
t1_c1_2r128s1o,1.023231
t1_c1_2r128s1o,1.146505
t1_c1_2r128s1o,1.506145
t1_c1_2r16s1o,1.522422
t1_c1_2r16s1o,1.188585
t1_c1_2r16s1o,1.013613
t1_c1_2r256s1o,1.015421
t1_c1_2r256s1o,0.980856
t1_c1_2r256s1o,1.209777
t1_c1_2r2s1o,1.537996
t1_c1_2r2s1o,1.511477
t1_c1_2r2s1o,1.126871
t1_c1_2r32s1o,0.984679
t1_c1_2r32s1o,0.972103
t1_c1_2r32s1o,1.020242
t1_c1_2r4s1o,1.228548
t1_c1_2r4s1o,1.537670
t1_c1_2r4s1o,1.509548
t1_c1_2r64s1o,1.092983
t1_c1_2r64s1o,1.013926
t1_c1_2r64s1o,0.976337
t1_c1_2r8s1o,1.021179
t1_c1_2r8s1o,1.277963
t1_c1_2r8s1o,1.509158
t1_c1_3r127s1o,1.543821
t1_c1_3r127s1o,1.072733
t1_c1_3r127s1o,0.972062
t1_c1_3r16s1o,1.010240
t1_c1_3r16s1o,0.979360
t1_c1_3r16s1o,1.317118
t1_c1_3r32s1o,1.519794
t1_c1_3r32s1o,1.522236
t1_c1_3r32s1o,1.007427
t1_c1_3r4s1o,0.980686
t1_c1_3r4s1o,0.980998
t1_c1_3r4s1o,0.985331
t1_c1_3r64s1o,1.328118
t1_c1_3r64s1o,1.523968
t1_c1_3r64s1o,1.508346
t1_c1_3r7s1o,1.001181
t1_c1_3r7s1o,1.007753
t1_c1_3r7s1o,0.980953
t1_c1_3r8s1o,0.996061
t1_c1_3r8s1o,1.372548
t1_c1_3r8s1o,1.508829
t1_c1_4r2s1o,1.509248
t1_c1_4r2s1o,0.978933
t1_c1_4r2s1o,1.014862
t1_c1_4r2s2o,1.022029
t1_c1_4r2s2o,0.981573
t1_c1_4r2s2o,1.415924
t1_c1_4r31s2o,1.506824
t1_c1_4r31s2o,1.471904
t1_c1_4r31s2o,0.973826
t1_c1_4r3s1o,1.011319
t1_c1_4r3s1o,1.022758
t1_c1_4r3s1o,0.962693
t1_c1_4r3s2o,1.462885
t1_c1_4r3s2o,1.536630
t1_c1_4r3s2o,1.428717
t1_c1_4r4s2o,0.972504
t1_c1_4r4s2o,1.018181
t1_c1_4r4s2o,0.980388
t1_c1_4r7s1o,0.970960
t1_c1_4r7s1o,1.534614
t1_c1_4r7s1o,1.509106
t1_c1_4r7s2o,1.378731
t1_c1_4r7s2o,1.189404
t1_c1_4r7s2o,0.959949
t1_c1_4r8s1o,1.204289
t1_c1_4r8s1o,1.204967
t1_c1_4r8s1o,1.521315
t1_c1_4r8s2o,1.510292
t1_c1_4r8s2o,1.278725
t1_c1_4r8s2o,0.954731
t1_c1_5r15s2o,1.012478
t1_c1_5r15s2o,1.198429
t1_c1_5r15s2o,1.443224
t1_c1_5r16s2o,1.522899
t1_c1_5r16s2o,1.472691
t1_c1_5r16s2o,1.188267
t1_c1_5r2s2o,0.956679
t1_c1_5r2s2o,1.014264
t1_c1_5r2s2o,1.106362
t1_c1_5r4s2o,1.525350
t1_c1_5r4s2o,1.539428
t1_c1_5r4s2o,1.293912
t1_c1_5r7s2o,0.954061
t1_c1_5r7s2o,1.009274
t1_c1_5r7s2o,1.031247
t1_c1_5r8s2o,1.212684
t1_c1_5r8s2o,0.957147
t1_c1_5r8s2o,1.015100
t1_c1_6r15s3o,1.218204
t1_c1_6r15s3o,1.221232
t1_c1_6r15s3o,0.961154
t1_c1_6r16s5o,1.207166
t1_c1_6r16s5o,1.018735
t1_c1_6r16s5o,1.485399
t1_c1_6r2s5o,1.542344
t1_c1_6r2s5o,1.460978
t1_c1_6r2s5o,0.956109
t1_c1_6r4s5o,1.201651
t1_c1_6r4s5o,0.963396
t1_c1_6r4s5o,1.049914
t1_c1_6r7s3o,1.527361
t1_c1_6r7s3o,1.540137
t1_c1_6r7s3o,1.372540
t1_c1_6r8s5o,0.959472
t1_c1_6r8s5o,1.199516
t1_c1_6r8s5o,1.016156
t1_c1_7r2s6o,1.294752
t1_c1_7r2s6o,1.540315
t1_c1_7r2s6o,1.523812
t1_c1_7r4s6o,1.056328
t1_c1_7r4s6o,1.010689
t1_c1_7r4s6o,0.962852
t1_c1_8r2s7o,1.209697
t1_c1_8r2s7o,1.454191
t1_c1_8r2s7o,1.540886
t1_c1_8r4s7o,1.461632
t1_c1_8r4s7o,1.188535
t1_c1_8r4s7o,1.215498
t1_c1_8r8s7o,1.009856
t1_c1_8r8s7o,1.165803
t1_c1_8r8s7o,1.541221
t1_c1_rect0,1.522705
t1_c1_rect0,1.145998
t1_c1_rect0,1.009354
t1_c1_rect1,0.958573
t1_c1_rect1,1.014584
t1_c1_rect1,1.211283
t2_c1_13r3s12o,1.331352
t2_c1_13r3s12o,1.340911
t2_c1_13r3s12o,1.136744
t2_c1_2r128s1o,0.755103
t2_c1_2r128s1o,0.778977
t2_c1_2r128s1o,0.925506
t2_c1_2r16s1o,0.744043
t2_c1_2r16s1o,0.858978
t2_c1_2r16s1o,1.184373
t2_c1_2r256s1o,1.174259
t2_c1_2r256s1o,1.174825
t2_c1_2r256s1o,0.867406
t2_c1_2r2s1o,0.777382
t2_c1_2r2s1o,0.781061
t2_c1_2r2s1o,0.923926
t2_c1_2r32s1o,0.743192
t2_c1_2r32s1o,0.925838
t2_c1_2r32s1o,0.932254
t2_c1_2r4s1o,0.774039
t2_c1_2r4s1o,0.735375
t2_c1_2r4s1o,0.924396
t2_c1_2r64s1o,0.936853
t2_c1_2r64s1o,0.936212
t2_c1_2r64s1o,0.932925
t2_c1_2r8s1o,0.778485
t2_c1_2r8s1o,0.737566
t2_c1_2r8s1o,1.156509
t2_c1_3r127s1o,1.216922
t2_c1_3r127s1o,1.216239
t2_c1_3r127s1o,0.986515
t2_c1_3r16s1o,0.774522
t2_c1_3r16s1o,0.949302
t2_c1_3r16s1o,0.966187
t2_c1_3r32s1o,0.806155
t2_c1_3r32s1o,1.086816
t2_c1_3r32s1o,1.204953
t2_c1_3r4s1o,1.206863
t2_c1_3r4s1o,1.111019
t2_c1_3r4s1o,0.934337
t2_c1_3r64s1o,0.762909
t2_c1_3r64s1o,0.955895
t2_c1_3r64s1o,0.970727
t2_c1_3r7s1o,1.022538
t2_c1_3r7s1o,1.228118
t2_c1_3r7s1o,1.209672
t2_c1_3r8s1o,1.151448
t2_c1_3r8s1o,0.801633
t2_c1_3r8s1o,0.951585
t2_c1_4r2s1o,0.777452
t2_c1_4r2s1o,0.974198
t2_c1_4r2s1o,0.983369
t2_c1_4r2s2o,0.989658
t2_c1_4r2s2o,0.819987
t2_c1_4r2s2o,0.836782
t2_c1_4r31s2o,0.799981
t2_c1_4r31s2o,0.992967
t2_c1_4r31s2o,0.997031
t2_c1_4r3s1o,0.817217
t2_c1_4r3s1o,0.789082
t2_c1_4r3s1o,0.974318
t2_c1_4r3s2o,0.992188
t2_c1_4r3s2o,0.826428
t2_c1_4r3s2o,0.839150
t2_c1_4r4s2o,0.834644
t2_c1_4r4s2o,0.996662
t2_c1_4r4s2o,1.256292
t2_c1_4r7s1o,1.255400
t2_c1_4r7s1o,1.201759
t2_c1_4r7s1o,0.974695
t2_c1_4r7s2o,0.816353
t2_c1_4r7s2o,0.830859
t2_c1_4r7s2o,0.833808
t2_c1_4r8s1o,0.959911
t2_c1_4r8s1o,1.236317
t2_c1_4r8s1o,1.235523
t2_c1_4r8s2o,1.233139
t2_c1_4r8s2o,0.841588
t2_c1_4r8s2o,0.825876
t2_c1_5r15s2o,0.854223
t2_c1_5r15s2o,0.847242
t2_c1_5r15s2o,0.863401
t2_c1_5r16s2o,1.262896
t2_c1_5r16s2o,1.287308
t2_c1_5r16s2o,1.276005
t2_c1_5r2s2o,0.931740
t2_c1_5r2s2o,0.992995
t2_c1_5r2s2o,0.838421
t2_c1_5r4s2o,1.001633
t2_c1_5r4s2o,1.017037
t2_c1_5r4s2o,0.794225
t2_c1_5r7s2o,0.843015
t2_c1_5r7s2o,0.802709
t2_c1_5r7s2o,1.004952
t2_c1_5r8s2o,1.099793
t2_c1_5r8s2o,1.285575
t2_c1_5r8s2o,1.278442
t2_c1_6r15s3o,1.126018
t2_c1_6r15s3o,0.969353
t2_c1_6r15s3o,1.027361
t2_c1_6r16s5o,1.039403
t2_c1_6r16s5o,0.814441
t2_c1_6r16s5o,1.314021
t2_c1_6r2s5o,1.313854
t2_c1_6r2s5o,1.303872
t2_c1_6r2s5o,0.929837
t2_c1_6r4s5o,1.023809
t2_c1_6r4s5o,0.821552
t2_c1_6r4s5o,1.026525
t2_c1_6r7s3o,1.032102
t2_c1_6r7s3o,1.030622
t2_c1_6r7s3o,0.813983
t2_c1_6r8s5o,0.863714
t2_c1_6r8s5o,0.873183
t2_c1_6r8s5o,1.282929
t2_c1_7r2s6o,1.311323
t2_c1_7r2s6o,1.337246
t2_c1_7r2s6o,0.969144
t2_c1_7r4s6o,0.832971
t2_c1_7r4s6o,1.041105
t2_c1_7r4s6o,0.839515
t2_c1_8r2s7o,0.898245
t2_c1_8r2s7o,1.293059
t2_c1_8r2s7o,1.283530
t2_c1_8r4s7o,1.283997
t2_c1_8r4s7o,1.278909
t2_c1_8r4s7o,1.294093
t2_c1_8r8s7o,1.295004
t2_c1_8r8s7o,0.980061
t2_c1_8r8s7o,0.803573
t2_c1_rect0,0.948439
t2_c1_rect0,0.785888
t2_c1_rect0,0.952890
t2_c1_rect1,0.969248
t2_c1_rect1,0.964009
t2_c1_rect1,0.763126
t2_c2_13r3s12o,0.918799
t2_c2_13r3s12o,1.022404
t2_c2_13r3s12o,1.388773
t2_c2_2r128s1o,1.197299
t2_c2_2r128s1o,1.169000
t2_c2_2r128s1o,0.770856
t2_c2_2r16s1o,0.740790
t2_c2_2r16s1o,0.924456
t2_c2_2r16s1o,0.750637
t2_c2_2r256s1o,0.928056
t2_c2_2r256s1o,0.938484
t2_c2_2r256s1o,0.737546
t2_c2_2r2s1o,0.787147
t2_c2_2r2s1o,0.749094
t2_c2_2r2s1o,0.936202
t2_c2_2r32s1o,0.945487
t2_c2_2r32s1o,0.784700
t2_c2_2r32s1o,0.797986
t2_c2_2r4s1o,0.793565
t2_c2_2r4s1o,0.741983
t2_c2_2r4s1o,1.172564
t2_c2_2r64s1o,1.198092
t2_c2_2r64s1o,1.197488
t2_c2_2r64s1o,0.969591
t2_c2_2r8s1o,0.919794
t2_c2_2r8s1o,0.945447
t2_c2_2r8s1o,0.776661
t2_c2_3r127s1o,0.783305
t2_c2_3r127s1o,0.967820
t2_c2_3r127s1o,0.770541
t2_c2_3r16s1o,0.970626
t2_c2_3r16s1o,0.992106
t2_c2_3r16s1o,0.982452
t2_c2_3r32s1o,0.984225
t2_c2_3r32s1o,0.982224
t2_c2_3r32s1o,0.817064
t2_c2_3r4s1o,0.786623
t2_c2_3r4s1o,0.977103
t2_c2_3r4s1o,0.813484
t2_c2_3r64s1o,0.828975
t2_c2_3r64s1o,0.775179
t2_c2_3r64s1o,0.975020
t2_c2_3r7s1o,0.994062
t2_c2_3r7s1o,0.818825
t2_c2_3r7s1o,0.819816
t2_c2_3r8s1o,0.830477
t2_c2_3r8s1o,0.851087
t2_c2_3r8s1o,1.230814
t2_c2_4r2s1o,1.277512
t2_c2_4r2s1o,1.266154
t2_c2_4r2s1o,0.935302
t2_c2_4r2s2o,0.836136
t2_c2_4r2s2o,0.837105
t2_c2_4r2s2o,0.843379
t2_c2_4r31s2o,0.809151
t2_c2_4r31s2o,1.168664
t2_c2_4r31s2o,1.254973
t2_c2_4r3s1o,1.278956
t2_c2_4r3s1o,1.125499
t2_c2_4r3s1o,0.848270
t2_c2_4r3s2o,0.833734
t2_c2_4r3s2o,0.840191
t2_c2_4r3s2o,0.996487
t2_c2_4r4s2o,0.999397
t2_c2_4r4s2o,0.825945
t2_c2_4r4s2o,0.846078
t2_c2_4r7s1o,0.826099
t2_c2_4r7s1o,0.886048
t2_c2_4r7s1o,1.277464
t2_c2_4r7s2o,1.251399
t2_c2_4r7s2o,1.246237
t2_c2_4r7s2o,0.883738
t2_c2_4r8s1o,0.998236
t2_c2_4r8s1o,0.800739
t2_c2_4r8s1o,1.009741
t2_c2_4r8s2o,0.871410
t2_c2_4r8s2o,1.255310
t2_c2_4r8s2o,1.254904
t2_c2_5r15s2o,1.317663
t2_c2_5r15s2o,0.913918
t2_c2_5r15s2o,0.815844
t2_c2_5r16s2o,0.933658
t2_c2_5r16s2o,0.860903
t2_c2_5r16s2o,1.022653
t2_c2_5r2s2o,0.861660
t2_c2_5r2s2o,0.872118
t2_c2_5r2s2o,1.030740
t2_c2_5r4s2o,0.870695
t2_c2_5r4s2o,1.026841
t2_c2_5r4s2o,1.044450
t2_c2_5r7s2o,0.864115
t2_c2_5r7s2o,0.879213
t2_c2_5r7s2o,1.010318
t2_c2_5r8s2o,1.293116
t2_c2_5r8s2o,1.304297
t2_c2_5r8s2o,1.236293
t2_c2_6r15s3o,1.032595
t2_c2_6r15s3o,0.884126
t2_c2_6r15s3o,0.888168
t2_c2_6r16s5o,0.858821
t2_c2_6r16s5o,1.102570
t2_c2_6r16s5o,1.275745
t2_c2_6r2s5o,1.277197
t2_c2_6r2s5o,1.178789
t2_c2_6r2s5o,0.839817
t2_c2_6r4s5o,1.001419
t2_c2_6r4s5o,0.838114
t2_c2_6r4s5o,0.857051
t2_c2_6r7s3o,1.155183
t2_c2_6r7s3o,1.331271
t2_c2_6r7s3o,1.319542
t2_c2_6r8s5o,1.049145
t2_c2_6r8s5o,0.814853
t2_c2_6r8s5o,0.825765
t2_c2_7r2s6o,0.861391
t2_c2_7r2s6o,0.872098
t2_c2_7r2s6o,1.084632
t2_c2_7r4s6o,1.298902
t2_c2_7r4s6o,1.288234
t2_c2_7r4s6o,1.130018
t2_c2_8r2s7o,0.885352
t2_c2_8r2s7o,0.891884
t2_c2_8r2s7o,1.050581
t2_c2_8r4s7o,0.851481
t2_c2_8r4s7o,1.241858
t2_c2_8r4s7o,1.325808
t2_c2_8r8s7o,1.332078
t2_c2_8r8s7o,1.023680
t2_c2_8r8s7o,0.879383
t2_c2_rect0,0.960588
t2_c2_rect0,0.987635
t2_c2_rect0,0.842202
t2_c2_rect1,1.234715
t2_c2_rect1,1.237982
t2_c2_rect1,1.222069
t3_c1_13r3s12o,1.103669
t3_c1_13r3s12o,0.884536
t3_c1_13r3s12o,0.839691
t3_c1_2r128s1o,0.769932
t3_c1_2r128s1o,0.773732
t3_c1_2r128s1o,1.087444
t3_c1_2r16s1o,1.166079
t3_c1_2r16s1o,1.153774
t3_c1_2r16s1o,1.046644
t3_c1_2r256s1o,1.045997
t3_c1_2r256s1o,1.006783
t3_c1_2r256s1o,1.021348
t3_c1_2r2s1o,0.919714
t3_c1_2r2s1o,0.763541
t3_c1_2r2s1o,0.774713
t3_c1_2r32s1o,0.743041
t3_c1_2r32s1o,0.926966
t3_c1_2r32s1o,0.744845
t3_c1_2r4s1o,1.092263
t3_c1_2r4s1o,1.152381
t3_c1_2r4s1o,1.161975
t3_c1_2r64s1o,1.070846
t3_c1_2r64s1o,0.898750
t3_c1_2r64s1o,0.763413
t3_c1_2r8s1o,0.775049
t3_c1_2r8s1o,0.906719
t3_c1_2r8s1o,0.790192
t3_c1_3r127s1o,2.754337
t3_c1_3r127s1o,2.246581
t3_c1_3r127s1o,1.843778
t3_c1_3r16s1o,1.059466
t3_c1_3r16s1o,1.480323
t3_c1_3r16s1o,1.586190
t3_c1_3r32s1o,2.277956
t3_c1_3r32s1o,2.257584
t3_c1_3r32s1o,2.256986
t3_c1_3r4s1o,1.202047
t3_c1_3r4s1o,1.205678
t3_c1_3r4s1o,1.015617
t3_c1_3r64s1o,1.814662
t3_c1_3r64s1o,1.889533
t3_c1_3r64s1o,2.744290
t3_c1_3r7s1o,1.201365
t3_c1_3r7s1o,0.939906
t3_c1_3r7s1o,0.790170
t3_c1_3r8s1o,0.773337
t3_c1_3r8s1o,0.779105
t3_c1_3r8s1o,0.960554
t3_c1_4r2s1o,0.788895
t3_c1_4r2s1o,0.813107
t3_c1_4r2s1o,0.787967
t3_c1_4r2s2o,0.798726
t3_c1_4r2s2o,0.775072
t3_c1_4r2s2o,1.172773
t3_c1_4r31s2o,2.757453
t3_c1_4r31s2o,2.303883
t3_c1_4r31s2o,1.851695
t3_c1_4r3s1o,1.059118
t3_c1_4r3s1o,1.238638
t3_c1_4r3s1o,1.239177
t3_c1_4r3s2o,1.119522
t3_c1_4r3s2o,0.808940
t3_c1_4r3s2o,0.775556
t3_c1_4r4s2o,0.966437
t3_c1_4r4s2o,0.803898
t3_c1_4r4s2o,0.910576
t3_c1_4r7s1o,1.899220
t3_c1_4r7s1o,1.928572
t3_c1_4r7s1o,1.518897
t3_c1_4r7s2o,0.767001
t3_c1_4r7s2o,0.949731
t3_c1_4r7s2o,0.799410
t3_c1_4r8s1o,2.705091
t3_c1_4r8s1o,2.370659
t3_c1_4r8s1o,1.874043
t3_c1_4r8s2o,0.795637
t3_c1_4r8s2o,0.834854
t3_c1_4r8s2o,1.208424
t3_c1_5r15s2o,2.814156
t3_c1_5r15s2o,1.861617
t3_c1_5r15s2o,1.902774
t3_c1_5r16s2o,2.597044
t3_c1_5r16s2o,2.636609
t3_c1_5r16s2o,1.928833
t3_c1_5r2s2o,0.816374
t3_c1_5r2s2o,0.989479
t3_c1_5r2s2o,0.835030
t3_c1_5r4s2o,0.812472
t3_c1_5r4s2o,0.814502
t3_c1_5r4s2o,0.827096
t3_c1_5r7s2o,1.659122
t3_c1_5r7s2o,1.941602
t3_c1_5r7s2o,1.653109
t3_c1_5r8s2o,1.953902
t3_c1_5r8s2o,2.136161
t3_c1_5r8s2o,2.810562
t3_c1_6r15s3o,2.450513
t3_c1_6r15s3o,1.939864
t3_c1_6r15s3o,2.527081
t3_c1_6r16s5o,1.302793
t3_c1_6r16s5o,1.154145
t3_c1_6r16s5o,0.868175
t3_c1_6r2s5o,0.865290
t3_c1_6r2s5o,0.830462
t3_c1_6r2s5o,0.868939
t3_c1_6r4s5o,1.069201
t3_c1_6r4s5o,1.286381
t3_c1_6r4s5o,1.285910
t3_c1_6r7s3o,1.747280
t3_c1_6r7s3o,1.281490
t3_c1_6r7s3o,1.275664
t3_c1_6r8s5o,1.021755
t3_c1_6r8s5o,0.861168
t3_c1_6r8s5o,0.872211
t3_c1_7r2s6o,0.845897
t3_c1_7r2s6o,0.885768
t3_c1_7r2s6o,1.090455
t3_c1_7r4s6o,1.308161
t3_c1_7r4s6o,1.336778
t3_c1_7r4s6o,1.206471
t3_c1_8r2s7o,0.839156
t3_c1_8r2s7o,0.855316
t3_c1_8r2s7o,1.033781
t3_c1_8r4s7o,0.830897
t3_c1_8r4s7o,1.233510
t3_c1_8r4s7o,1.310552
t3_c1_8r8s7o,1.308435
t3_c1_8r8s7o,1.134865
t3_c1_8r8s7o,0.856362
t3_c1_rect0,1.936977
t3_c1_rect0,2.284330
t3_c1_rect0,2.124182
t3_c1_rect1,2.486839
t3_c1_rect1,2.645572
t3_c1_rect1,1.902094
t3_c2_13r3s12o,0.915237
t3_c2_13r3s12o,0.938489
t3_c2_13r3s12o,1.373762
t3_c2_2r128s1o,1.173484
t3_c2_2r128s1o,1.196894
t3_c2_2r128s1o,0.981907
t3_c2_2r16s1o,0.756394
t3_c2_2r16s1o,0.766159
t3_c2_2r16s1o,0.764861
t3_c2_2r256s1o,1.019726
t3_c2_2r256s1o,1.483477
t3_c2_2r256s1o,1.564232
t3_c2_2r2s1o,1.174239
t3_c2_2r2s1o,0.803465
t3_c2_2r2s1o,0.754864
t3_c2_2r32s1o,0.768479
t3_c2_2r32s1o,0.779519
t3_c2_2r32s1o,0.800538
t3_c2_2r4s1o,1.002014
t3_c2_2r4s1o,1.195589
t3_c2_2r4s1o,1.172428
t3_c2_2r64s1o,1.151619
t3_c2_2r64s1o,0.782790
t3_c2_2r64s1o,0.753151
t3_c2_2r8s1o,0.781540
t3_c2_2r8s1o,0.793117
t3_c2_2r8s1o,0.754550
t3_c2_3r127s1o,2.653571
t3_c2_3r127s1o,2.585106
t3_c2_3r127s1o,1.864227
t3_c2_3r16s1o,1.051066
t3_c2_3r16s1o,1.268124
t3_c2_3r16s1o,1.054412
t3_c2_3r32s1o,1.834110
t3_c2_3r32s1o,2.241338
t3_c2_3r32s1o,1.840018
t3_c2_3r4s1o,1.018661
t3_c2_3r4s1o,1.209920
t3_c2_3r4s1o,1.209881
t3_c2_3r64s1o,2.454603
t3_c2_3r64s1o,2.265093
t3_c2_3r64s1o,2.265885
t3_c2_3r7s1o,0.799997
t3_c2_3r7s1o,0.814255
t3_c2_3r7s1o,0.784623
t3_c2_3r8s1o,1.205526
t3_c2_3r8s1o,1.211242
t3_c2_3r8s1o,1.208297
t3_c2_4r2s1o,0.987489
t3_c2_4r2s1o,0.826089
t3_c2_4r2s1o,0.794052
t3_c2_4r2s2o,0.785716
t3_c2_4r2s2o,0.976545
t3_c2_4r2s2o,1.066734
t3_c2_4r31s2o,2.765738
t3_c2_4r31s2o,2.377669
t3_c2_4r31s2o,1.906630
t3_c2_4r3s1o,0.969235
t3_c2_4r3s1o,0.811927
t3_c2_4r3s1o,0.828514
t3_c2_4r3s2o,0.779471
t3_c2_4r3s2o,0.824301
t3_c2_4r3s2o,1.024225
t3_c2_4r4s2o,1.235881
t3_c2_4r4s2o,1.224259
t3_c2_4r4s2o,1.184708
t3_c2_4r7s1o,1.299349
t3_c2_4r7s1o,1.315961
t3_c2_4r7s1o,1.317435
t3_c2_4r7s2o,1.184893
t3_c2_4r7s2o,1.223373
t3_c2_4r7s2o,1.224114
t3_c2_4r8s1o,2.370295
t3_c2_4r8s1o,1.929352
t3_c2_4r8s1o,2.538919
t3_c2_4r8s2o,1.236857
t3_c2_4r8s2o,1.248872
t3_c2_4r8s2o,1.233689
t3_c2_5r15s2o,2.743076
t3_c2_5r15s2o,1.865629
t3_c2_5r15s2o,1.940774
t3_c2_5r16s2o,2.744220
t3_c2_5r16s2o,2.412398
t3_c2_5r16s2o,1.948249
t3_c2_5r2s2o,0.996240
t3_c2_5r2s2o,1.123166
t3_c2_5r2s2o,1.297174
t3_c2_5r4s2o,1.270885
t3_c2_5r4s2o,1.093204
t3_c2_5r4s2o,0.811268
t3_c2_5r7s2o,1.574160
t3_c2_5r7s2o,1.322078
t3_c2_5r7s2o,1.921651
t3_c2_5r8s2o,2.649002
t3_c2_5r8s2o,1.934966
t3_c2_5r8s2o,1.990912
t3_c2_6r15s3o,2.799323
t3_c2_6r15s3o,2.334049
t3_c2_6r15s3o,1.941953
t3_c2_6r16s5o,0.828851
t3_c2_6r16s5o,1.019303
t3_c2_6r16s5o,0.827645
t3_c2_6r2s5o,0.863023
t3_c2_6r2s5o,1.034968
t3_c2_6r2s5o,1.031181
t3_c2_6r4s5o,0.853828
t3_c2_6r4s5o,1.012232
t3_c2_6r4s5o,0.834420
t3_c2_6r7s3o,1.422247
t3_c2_6r7s3o,1.947405
t3_c2_6r7s3o,1.920305
t3_c2_6r8s5o,0.813826
t3_c2_6r8s5o,0.817790
t3_c2_6r8s5o,0.829552
t3_c2_7r2s6o,1.057381
t3_c2_7r2s6o,1.028613
t3_c2_7r2s6o,1.326374
t3_c2_7r4s6o,1.320822
t3_c2_7r4s6o,1.235993
t3_c2_7r4s6o,0.868374
t3_c2_8r2s7o,0.896297
t3_c2_8r2s7o,0.858102
t3_c2_8r2s7o,1.052830
t3_c2_8r4s7o,1.195163
t3_c2_8r4s7o,1.321472
t3_c2_8r4s7o,1.311486
t3_c2_8r8s7o,1.028776
t3_c2_8r8s7o,1.021387
t3_c2_8r8s7o,0.850711
t3_c2_rect0,2.275738
t3_c2_rect0,1.846591
t3_c2_rect0,2.245043
t3_c2_rect1,1.917794
t3_c2_rect1,2.263837
t3_c2_rect1,2.271502
t3_c3_13r3s12o,0.843170
t3_c3_13r3s12o,1.021828
t3_c3_13r3s12o,1.310968
t3_c3_2r128s1o,1.128732
t3_c3_2r128s1o,1.121034
t3_c3_2r128s1o,0.733088
t3_c3_2r16s1o,0.754516
t3_c3_2r16s1o,0.762973
t3_c3_2r16s1o,0.719334
t3_c3_2r256s1o,0.983912
t3_c3_2r256s1o,1.356317
t3_c3_2r256s1o,1.502081
t3_c3_2r2s1o,1.128559
t3_c3_2r2s1o,0.868215
t3_c3_2r2s1o,0.706617
t3_c3_2r32s1o,0.726491
t3_c3_2r32s1o,0.715803
t3_c3_2r32s1o,0.726776
t3_c3_2r4s1o,0.750899
t3_c3_2r4s1o,1.083845
t3_c3_2r4s1o,1.118257
t3_c3_2r64s1o,1.111842
t3_c3_2r64s1o,1.051603
t3_c3_2r64s1o,0.737133
t3_c3_2r8s1o,0.747426
t3_c3_2r8s1o,0.717942
t3_c3_2r8s1o,0.718350
t3_c3_3r127s1o,2.249498
t3_c3_3r127s1o,1.836707
t3_c3_3r127s1o,2.140885
t3_c3_3r16s1o,1.584715
t3_c3_3r16s1o,1.560242
t3_c3_3r16s1o,1.025997
t3_c3_3r32s1o,1.844420
t3_c3_3r32s1o,2.087945
t3_c3_3r32s1o,2.714356
t3_c3_3r4s1o,1.035702
t3_c3_3r4s1o,0.770846
t3_c3_3r4s1o,0.928209
t3_c3_3r64s1o,1.886728
t3_c3_3r64s1o,2.674356
t3_c3_3r64s1o,2.373342
t3_c3_3r7s1o,0.747373
t3_c3_3r7s1o,0.762320
t3_c3_3r7s1o,0.941686
t3_c3_3r8s1o,0.770805
t3_c3_3r8s1o,1.060929
t3_c3_3r8s1o,1.184540
t3_c3_4r2s1o,1.171355
t3_c3_4r2s1o,1.090256
t3_c3_4r2s1o,0.783915
t3_c3_4r2s2o,0.724348
t3_c3_4r2s2o,0.724262
t3_c3_4r2s2o,0.732313
t3_c3_4r31s2o,2.193068
t3_c3_4r31s2o,2.768762
t3_c3_4r31s2o,1.966978
t3_c3_4r3s1o,0.816563
t3_c3_4r3s1o,0.965530
t3_c3_4r3s1o,0.983480
t3_c3_4r3s2o,1.207315
t3_c3_4r3s2o,1.192222
t3_c3_4r3s2o,1.205916
t3_c3_4r4s2o,0.920287
t3_c3_4r4s2o,0.919636
t3_c3_4r4s2o,0.766209
t3_c3_4r7s1o,1.287280
t3_c3_4r7s1o,1.675233
t3_c3_4r7s1o,1.870919
t3_c3_4r7s2o,1.106952
t3_c3_4r7s2o,0.762192
t3_c3_4r7s2o,0.768643
t3_c3_4r8s1o,2.222343
t3_c3_4r8s1o,2.546264
t3_c3_4r8s1o,2.478221
t3_c3_4r8s2o,0.768204
t3_c3_4r8s2o,0.761210
t3_c3_4r8s2o,0.763236
t3_c3_5r15s2o,2.177672
t3_c3_5r15s2o,2.722609
t3_c3_5r15s2o,2.013311
t3_c3_5r16s2o,2.271194
t3_c3_5r16s2o,2.514833
t3_c3_5r16s2o,2.621445
t3_c3_5r2s2o,0.739782
t3_c3_5r2s2o,0.751505
t3_c3_5r2s2o,0.760981
t3_c3_5r4s2o,0.965160
t3_c3_5r4s2o,1.012931
t3_c3_5r4s2o,1.227462
t3_c3_5r7s2o,1.853125
t3_c3_5r7s2o,1.350591
t3_c3_5r7s2o,1.275375
t3_c3_5r8s2o,1.894589
t3_c3_5r8s2o,2.700958
t3_c3_5r8s2o,2.310420
t3_c3_6r15s3o,1.888825
t3_c3_6r15s3o,2.100568
t3_c3_6r15s3o,2.768120
t3_c3_6r16s5o,1.104307
t3_c3_6r16s5o,0.976980
t3_c3_6r16s5o,0.810183
t3_c3_6r2s5o,0.793719
t3_c3_6r2s5o,0.797657
t3_c3_6r2s5o,0.936103
t3_c3_6r4s5o,0.804277
t3_c3_6r4s5o,0.831504
t3_c3_6r4s5o,0.834097
t3_c3_6r7s3o,1.262150
t3_c3_6r7s3o,1.870215
t3_c3_6r7s3o,1.834114
t3_c3_6r8s5o,0.846677
t3_c3_6r8s5o,0.790433
t3_c3_6r8s5o,0.799574
t3_c3_7r2s6o,0.774665
t3_c3_7r2s6o,0.966848
t3_c3_7r2s6o,1.091275
t3_c3_7r4s6o,1.285781
t3_c3_7r4s6o,1.263652
t3_c3_7r4s6o,1.095510
t3_c3_8r2s7o,0.821471
t3_c3_8r2s7o,0.968010
t3_c3_8r2s7o,0.809269
t3_c3_8r4s7o,1.027212
t3_c3_8r4s7o,1.207169
t3_c3_8r4s7o,1.328990
t3_c3_8r8s7o,1.230230
t3_c3_8r8s7o,1.221892
t3_c3_8r8s7o,1.246485
t3_c3_rect0,2.583776
t3_c3_rect0,1.900367
t3_c3_rect0,1.905784
t3_c3_rect1,2.709506
t3_c3_rect1,2.339235
t3_c3_rect1,1.890712
