name,iterations,real_time,time_unit
BM_tc_16r2s15o_T1_C1,1,4147551,ns
BM_tc_16r2s15o_T1_C1,1,4331769,ns
BM_tc_16r2s15o_T1_C1,1,4561244,ns
BM_tc_16r2s15o_T1_C1,1,4568032,ns
BM_tc_16r2s15o_T1_C1,1,4601785,ns
BM_tc_16r2s15o_T1_C1,1,4649391,ns
BM_tc_16r2s15o_T1_C1,1,4783931,ns
BM_tc_16r2s15o_T1_C1,1,4793462,ns
BM_tc_16r2s15o_T1_C1,1,4867444,ns
BM_tc_16r2s15o_T1_C1,1,4828519,ns
BM_tc_16r2s15o_T2_C1,1,4255578,ns
BM_tc_16r2s15o_T2_C1,1,4166413,ns
BM_tc_16r2s15o_T2_C1,1,4166544,ns
BM_tc_16r2s15o_T2_C1,1,4265038,ns
BM_tc_16r2s15o_T2_C1,1,4130066,ns
BM_tc_16r2s15o_T2_C1,1,4093718,ns
BM_tc_16r2s15o_T2_C1,1,4162016,ns
BM_tc_16r2s15o_T2_C1,1,4392827,ns
BM_tc_16r2s15o_T2_C1,1,4143549,ns
BM_tc_16r2s15o_T2_C1,1,4087579,ns
BM_tc_16r2s15o_T2_C2,1,394543,ns
BM_tc_16r2s15o_T2_C2,1,407938,ns
BM_tc_16r2s15o_T2_C2,1,413594,ns
BM_tc_16r2s15o_T2_C2,1,408083,ns
BM_tc_16r2s15o_T2_C2,1,406674,ns
BM_tc_16r2s15o_T2_C2,1,421566,ns
BM_tc_16r2s15o_T2_C2,1,425703,ns
BM_tc_16r2s15o_T2_C2,1,406606,ns
BM_tc_16r2s15o_T2_C2,1,411672,ns
BM_tc_16r2s15o_T2_C2,1,407566,ns
BM_tc_16r2s15o_T3_C1,1,4321481,ns
BM_tc_16r2s15o_T3_C1,1,4251633,ns
BM_tc_16r2s15o_T3_C1,1,4278233,ns
BM_tc_16r2s15o_T3_C1,1,4208785,ns
BM_tc_16r2s15o_T3_C1,1,4226308,ns
BM_tc_16r2s15o_T3_C1,1,4202261,ns
BM_tc_16r2s15o_T3_C1,1,4205641,ns
BM_tc_16r2s15o_T3_C1,1,4205205,ns
BM_tc_16r2s15o_T3_C1,1,4232964,ns
BM_tc_16r2s15o_T3_C1,1,4211003,ns
BM_tc_16r2s15o_T3_C2,1,384909,ns
BM_tc_16r2s15o_T3_C2,1,403399,ns
BM_tc_16r2s15o_T3_C2,1,357290,ns
BM_tc_16r2s15o_T3_C2,1,364502,ns
BM_tc_16r2s15o_T3_C2,1,386559,ns
BM_tc_16r2s15o_T3_C2,1,384821,ns
BM_tc_16r2s15o_T3_C2,1,404516,ns
BM_tc_16r2s15o_T3_C2,1,384722,ns
BM_tc_16r2s15o_T3_C2,1,384924,ns
BM_tc_16r2s15o_T3_C2,1,403841,ns
BM_tc_16r2s15o_T3_C3,1,101720,ns
BM_tc_16r2s15o_T3_C3,1,94346,ns
BM_tc_16r2s15o_T3_C3,1,94276,ns
BM_tc_16r2s15o_T3_C3,1,94186,ns
BM_tc_16r2s15o_T3_C3,1,94633,ns
BM_tc_16r2s15o_T3_C3,1,94247,ns
BM_tc_16r2s15o_T3_C3,1,98775,ns
BM_tc_16r2s15o_T3_C3,1,94486,ns
BM_tc_16r2s15o_T3_C3,1,94455,ns
BM_tc_16r2s15o_T3_C3,1,94465,ns
BM_tc_2r128s1o_T1_C1,1,22617531,ns
BM_tc_2r128s1o_T1_C1,1,22545344,ns
BM_tc_2r128s1o_T1_C1,1,22554271,ns
BM_tc_2r128s1o_T1_C1,1,22541946,ns
BM_tc_2r128s1o_T1_C1,1,22539612,ns
BM_tc_2r128s1o_T1_C1,1,22433337,ns
BM_tc_2r128s1o_T1_C1,1,22208178,ns
BM_tc_2r128s1o_T1_C1,1,22535510,ns
BM_tc_2r128s1o_T1_C1,1,22361329,ns
BM_tc_2r128s1o_T1_C1,1,22487420,ns
BM_tc_2r128s1o_T2_C1,1,4155660,ns
BM_tc_2r128s1o_T2_C1,1,4163651,ns
BM_tc_2r128s1o_T2_C1,1,4180755,ns
BM_tc_2r128s1o_T2_C1,1,4139375,ns
BM_tc_2r128s1o_T2_C1,1,4117157,ns
BM_tc_2r128s1o_T2_C1,1,4111249,ns
BM_tc_2r128s1o_T2_C1,1,4086616,ns
BM_tc_2r128s1o_T2_C1,1,4082422,ns
BM_tc_2r128s1o_T2_C1,1,4099459,ns
BM_tc_2r128s1o_T2_C1,1,4098686,ns
BM_tc_2r128s1o_T2_C2,1,3294407,ns
BM_tc_2r128s1o_T2_C2,1,3176914,ns
BM_tc_2r128s1o_T2_C2,1,3097255,ns
BM_tc_2r128s1o_T2_C2,1,2993849,ns
BM_tc_2r128s1o_T2_C2,1,2964721,ns
BM_tc_2r128s1o_T2_C2,1,3107874,ns
BM_tc_2r128s1o_T2_C2,1,2950329,ns
BM_tc_2r128s1o_T2_C2,1,2985344,ns
BM_tc_2r128s1o_T2_C2,1,2968318,ns
BM_tc_2r128s1o_T2_C2,1,3052930,ns
BM_tc_2r128s1o_T3_C1,1,3993003,ns
BM_tc_2r128s1o_T3_C1,1,3991998,ns
BM_tc_2r128s1o_T3_C1,1,4058094,ns
BM_tc_2r128s1o_T3_C1,1,4080704,ns
BM_tc_2r128s1o_T3_C1,1,4051720,ns
BM_tc_2r128s1o_T3_C1,1,3959278,ns
BM_tc_2r128s1o_T3_C1,1,4063879,ns
BM_tc_2r128s1o_T3_C1,1,4100348,ns
BM_tc_2r128s1o_T3_C1,1,4063962,ns
BM_tc_2r128s1o_T3_C1,1,4037038,ns
BM_tc_2r128s1o_T3_C2,1,3350778,ns
BM_tc_2r128s1o_T3_C2,1,3184262,ns
BM_tc_2r128s1o_T3_C2,1,3046168,ns
BM_tc_2r128s1o_T3_C2,1,3044641,ns
BM_tc_2r128s1o_T3_C2,1,3110162,ns
BM_tc_2r128s1o_T3_C2,1,3030172,ns
BM_tc_2r128s1o_T3_C2,1,3090548,ns
BM_tc_2r128s1o_T3_C2,1,3086014,ns
BM_tc_2r128s1o_T3_C2,1,3258257,ns
BM_tc_2r128s1o_T3_C2,1,3098275,ns
BM_tc_2r128s1o_T3_C3,1,398789,ns
BM_tc_2r128s1o_T3_C3,1,426652,ns
BM_tc_2r128s1o_T3_C3,1,371227,ns
BM_tc_2r128s1o_T3_C3,1,379730,ns
BM_tc_2r128s1o_T3_C3,1,352155,ns
BM_tc_2r128s1o_T3_C3,1,363564,ns
BM_tc_2r128s1o_T3_C3,1,356014,ns
BM_tc_2r128s1o_T3_C3,1,327422,ns
BM_tc_2r128s1o_T3_C3,1,551157,ns
BM_tc_2r128s1o_T3_C3,1,359324,ns
BM_tc_2r16s1o_T1_C1,1,40865,ns
BM_tc_2r16s1o_T1_C1,1,40950,ns
BM_tc_2r16s1o_T1_C1,1,40816,ns
BM_tc_2r16s1o_T1_C1,1,40819,ns
BM_tc_2r16s1o_T1_C1,1,40792,ns
BM_tc_2r16s1o_T1_C1,1,40765,ns
BM_tc_2r16s1o_T1_C1,1,40803,ns
BM_tc_2r16s1o_T1_C1,1,40802,ns
BM_tc_2r16s1o_T1_C1,1,46371,ns
BM_tc_2r16s1o_T1_C1,1,40842,ns
BM_tc_2r16s1o_T2_C1,1,6688,ns
BM_tc_2r16s1o_T2_C1,1,6650,ns
BM_tc_2r16s1o_T2_C1,1,6606,ns
BM_tc_2r16s1o_T2_C1,1,13615,ns
BM_tc_2r16s1o_T2_C1,1,6619,ns
BM_tc_2r16s1o_T2_C1,1,6600,ns
BM_tc_2r16s1o_T2_C1,1,6592,ns
BM_tc_2r16s1o_T2_C1,1,6563,ns
BM_tc_2r16s1o_T2_C1,1,6586,ns
BM_tc_2r16s1o_T2_C1,1,6606,ns
BM_tc_2r16s1o_T2_C2,1,2621,ns
BM_tc_2r16s1o_T2_C2,1,2550,ns
BM_tc_2r16s1o_T2_C2,1,2512,ns
BM_tc_2r16s1o_T2_C2,1,2526,ns
BM_tc_2r16s1o_T2_C2,1,2508,ns
BM_tc_2r16s1o_T2_C2,1,2518,ns
BM_tc_2r16s1o_T2_C2,1,2521,ns
BM_tc_2r16s1o_T2_C2,1,2510,ns
BM_tc_2r16s1o_T2_C2,1,2515,ns
BM_tc_2r16s1o_T2_C2,1,2514,ns
BM_tc_2r16s1o_T3_C1,1,5688,ns
BM_tc_2r16s1o_T3_C1,1,5729,ns
BM_tc_2r16s1o_T3_C1,1,5525,ns
BM_tc_2r16s1o_T3_C1,1,5589,ns
BM_tc_2r16s1o_T3_C1,1,5541,ns
BM_tc_2r16s1o_T3_C1,1,5626,ns
BM_tc_2r16s1o_T3_C1,1,5590,ns
BM_tc_2r16s1o_T3_C1,1,5529,ns
BM_tc_2r16s1o_T3_C1,1,5553,ns
BM_tc_2r16s1o_T3_C1,1,5690,ns
BM_tc_2r16s1o_T3_C2,1,2466,ns
BM_tc_2r16s1o_T3_C2,1,2435,ns
BM_tc_2r16s1o_T3_C2,1,2400,ns
BM_tc_2r16s1o_T3_C2,1,2400,ns
BM_tc_2r16s1o_T3_C2,1,2411,ns
BM_tc_2r16s1o_T3_C2,1,2395,ns
BM_tc_2r16s1o_T3_C2,1,2396,ns
BM_tc_2r16s1o_T3_C2,1,2418,ns
BM_tc_2r16s1o_T3_C2,1,2417,ns
BM_tc_2r16s1o_T3_C2,1,2414,ns
BM_tc_2r16s1o_T3_C3,1,289,ns
BM_tc_2r16s1o_T3_C3,1,198,ns
BM_tc_2r16s1o_T3_C3,1,180,ns
BM_tc_2r16s1o_T3_C3,1,182,ns
BM_tc_2r16s1o_T3_C3,1,182,ns
BM_tc_2r16s1o_T3_C3,1,182,ns
BM_tc_2r16s1o_T3_C3,1,183,ns
BM_tc_2r16s1o_T3_C3,1,181,ns
BM_tc_2r16s1o_T3_C3,1,182,ns
BM_tc_2r16s1o_T3_C3,1,181,ns
BM_tc_2r256s1o_T1_C1,1,192824807,ns
BM_tc_2r256s1o_T1_C1,1,191035159,ns
BM_tc_2r256s1o_T1_C1,1,193144029,ns
BM_tc_2r256s1o_T1_C1,1,193410654,ns
BM_tc_2r256s1o_T1_C1,1,190937021,ns
BM_tc_2r256s1o_T1_C1,1,193884028,ns
BM_tc_2r256s1o_T1_C1,1,191424890,ns
BM_tc_2r256s1o_T1_C1,1,199586371,ns
BM_tc_2r256s1o_T1_C1,1,205157366,ns
BM_tc_2r256s1o_T1_C1,1,190987944,ns
BM_tc_2r256s1o_T2_C1,1,52029796,ns
BM_tc_2r256s1o_T2_C1,1,51909417,ns
BM_tc_2r256s1o_T2_C1,1,51842960,ns
BM_tc_2r256s1o_T2_C1,1,51988235,ns
BM_tc_2r256s1o_T2_C1,1,52293999,ns
BM_tc_2r256s1o_T2_C1,1,52146498,ns
BM_tc_2r256s1o_T2_C1,1,51420419,ns
BM_tc_2r256s1o_T2_C1,1,51830805,ns
BM_tc_2r256s1o_T2_C1,1,56983538,ns
BM_tc_2r256s1o_T2_C1,1,66023354,ns
BM_tc_2r256s1o_T2_C2,1,46307853,ns
BM_tc_2r256s1o_T2_C2,1,50033556,ns
BM_tc_2r256s1o_T2_C2,1,48240855,ns
BM_tc_2r256s1o_T2_C2,1,46211258,ns
BM_tc_2r256s1o_T2_C2,1,46149937,ns
BM_tc_2r256s1o_T2_C2,1,46173123,ns
BM_tc_2r256s1o_T2_C2,1,46150859,ns
BM_tc_2r256s1o_T2_C2,1,46146879,ns
BM_tc_2r256s1o_T2_C2,1,46166968,ns
BM_tc_2r256s1o_T2_C2,1,46141327,ns
BM_tc_2r256s1o_T3_C1,1,58180553,ns
BM_tc_2r256s1o_T3_C1,1,58207180,ns
BM_tc_2r256s1o_T3_C1,1,58160411,ns
BM_tc_2r256s1o_T3_C1,1,58165789,ns
BM_tc_2r256s1o_T3_C1,1,58239989,ns
BM_tc_2r256s1o_T3_C1,1,64032573,ns
BM_tc_2r256s1o_T3_C1,1,58495228,ns
BM_tc_2r256s1o_T3_C1,1,58471157,ns
BM_tc_2r256s1o_T3_C1,1,58257752,ns
BM_tc_2r256s1o_T3_C1,1,58257550,ns
BM_tc_2r256s1o_T3_C2,1,45083123,ns
BM_tc_2r256s1o_T3_C2,1,45050294,ns
BM_tc_2r256s1o_T3_C2,1,45061650,ns
BM_tc_2r256s1o_T3_C2,1,45067174,ns
BM_tc_2r256s1o_T3_C2,1,45054641,ns
BM_tc_2r256s1o_T3_C2,1,45059718,ns
BM_tc_2r256s1o_T3_C2,1,45049191,ns
BM_tc_2r256s1o_T3_C2,1,45040307,ns
BM_tc_2r256s1o_T3_C2,1,45068279,ns
BM_tc_2r256s1o_T3_C2,1,45035861,ns
BM_tc_2r256s1o_T3_C3,1,7421305,ns
BM_tc_2r256s1o_T3_C3,1,7436830,ns
BM_tc_2r256s1o_T3_C3,1,7408870,ns
BM_tc_2r256s1o_T3_C3,1,7415667,ns
BM_tc_2r256s1o_T3_C3,1,7418325,ns
BM_tc_2r256s1o_T3_C3,1,7417449,ns
BM_tc_2r256s1o_T3_C3,1,7414223,ns
BM_tc_2r256s1o_T3_C3,1,7492941,ns
BM_tc_2r256s1o_T3_C3,1,7407216,ns
BM_tc_2r256s1o_T3_C3,1,7404020,ns
BM_tc_2r2s1o_T1_C1,1,1728,ns
BM_tc_2r2s1o_T1_C1,1,546,ns
BM_tc_2r2s1o_T1_C1,1,382,ns
BM_tc_2r2s1o_T1_C1,1,357,ns
BM_tc_2r2s1o_T1_C1,1,357,ns
BM_tc_2r2s1o_T1_C1,1,356,ns
BM_tc_2r2s1o_T1_C1,1,379,ns
BM_tc_2r2s1o_T1_C1,1,364,ns
BM_tc_2r2s1o_T1_C1,1,357,ns
BM_tc_2r2s1o_T1_C1,1,354,ns
BM_tc_2r2s1o_T2_C1,1,864,ns
BM_tc_2r2s1o_T2_C1,1,270,ns
BM_tc_2r2s1o_T2_C1,1,192,ns
BM_tc_2r2s1o_T2_C1,1,169,ns
BM_tc_2r2s1o_T2_C1,1,173,ns
BM_tc_2r2s1o_T2_C1,1,170,ns
BM_tc_2r2s1o_T2_C1,1,171,ns
BM_tc_2r2s1o_T2_C1,1,173,ns
BM_tc_2r2s1o_T2_C1,1,162,ns
BM_tc_2r2s1o_T2_C1,1,165,ns
BM_tc_2r2s1o_T2_C2,1,137,ns
BM_tc_2r2s1o_T2_C2,1,72,ns
BM_tc_2r2s1o_T2_C2,1,58,ns
BM_tc_2r2s1o_T2_C2,1,55,ns
BM_tc_2r2s1o_T2_C2,1,56,ns
BM_tc_2r2s1o_T2_C2,1,55,ns
BM_tc_2r2s1o_T2_C2,1,55,ns
BM_tc_2r2s1o_T2_C2,1,55,ns
BM_tc_2r2s1o_T2_C2,1,90,ns
BM_tc_2r2s1o_T2_C2,1,73,ns
BM_tc_2r2s1o_T3_C1,1,291,ns
BM_tc_2r2s1o_T3_C1,1,241,ns
BM_tc_2r2s1o_T3_C1,1,166,ns
BM_tc_2r2s1o_T3_C1,1,165,ns
BM_tc_2r2s1o_T3_C1,1,165,ns
BM_tc_2r2s1o_T3_C1,1,164,ns
BM_tc_2r2s1o_T3_C1,1,163,ns
BM_tc_2r2s1o_T3_C1,1,161,ns
BM_tc_2r2s1o_T3_C1,1,157,ns
BM_tc_2r2s1o_T3_C1,1,157,ns
BM_tc_2r2s1o_T3_C2,1,222,ns
BM_tc_2r2s1o_T3_C2,1,101,ns
BM_tc_2r2s1o_T3_C2,1,96,ns
BM_tc_2r2s1o_T3_C2,1,132,ns
BM_tc_2r2s1o_T3_C2,1,122,ns
BM_tc_2r2s1o_T3_C2,1,123,ns
BM_tc_2r2s1o_T3_C2,1,132,ns
BM_tc_2r2s1o_T3_C2,1,117,ns
BM_tc_2r2s1o_T3_C2,1,97,ns
BM_tc_2r2s1o_T3_C2,1,98,ns
BM_tc_2r2s1o_T3_C3,1,112,ns
BM_tc_2r2s1o_T3_C3,1,52,ns
BM_tc_2r2s1o_T3_C3,1,55,ns
BM_tc_2r2s1o_T3_C3,1,70,ns
BM_tc_2r2s1o_T3_C3,1,69,ns
BM_tc_2r2s1o_T3_C3,1,72,ns
BM_tc_2r2s1o_T3_C3,1,75,ns
BM_tc_2r2s1o_T3_C3,1,70,ns
BM_tc_2r2s1o_T3_C3,1,57,ns
BM_tc_2r2s1o_T3_C3,1,58,ns
BM_tc_2r32s1o_T1_C1,1,652490,ns
BM_tc_2r32s1o_T1_C1,1,449585,ns
BM_tc_2r32s1o_T1_C1,1,396652,ns
BM_tc_2r32s1o_T1_C1,1,384079,ns
BM_tc_2r32s1o_T1_C1,1,384145,ns
BM_tc_2r32s1o_T1_C1,1,387524,ns
BM_tc_2r32s1o_T1_C1,1,417965,ns
BM_tc_2r32s1o_T1_C1,1,389442,ns
BM_tc_2r32s1o_T1_C1,1,384130,ns
BM_tc_2r32s1o_T1_C1,1,387479,ns
BM_tc_2r32s1o_T2_C1,1,62210,ns
BM_tc_2r32s1o_T2_C1,1,61722,ns
BM_tc_2r32s1o_T2_C1,1,61816,ns
BM_tc_2r32s1o_T2_C1,1,61924,ns
BM_tc_2r32s1o_T2_C1,1,61473,ns
BM_tc_2r32s1o_T2_C1,1,61714,ns
BM_tc_2r32s1o_T2_C1,1,61998,ns
BM_tc_2r32s1o_T2_C1,1,72351,ns
BM_tc_2r32s1o_T2_C1,1,61873,ns
BM_tc_2r32s1o_T2_C1,1,61596,ns
BM_tc_2r32s1o_T2_C2,1,34327,ns
BM_tc_2r32s1o_T2_C2,1,34108,ns
BM_tc_2r32s1o_T2_C2,1,34267,ns
BM_tc_2r32s1o_T2_C2,1,34793,ns
BM_tc_2r32s1o_T2_C2,1,34714,ns
BM_tc_2r32s1o_T2_C2,1,34211,ns
BM_tc_2r32s1o_T2_C2,1,33956,ns
BM_tc_2r32s1o_T2_C2,1,34437,ns
BM_tc_2r32s1o_T2_C2,1,34788,ns
BM_tc_2r32s1o_T2_C2,1,34584,ns
BM_tc_2r32s1o_T3_C1,1,81190,ns
BM_tc_2r32s1o_T3_C1,1,80929,ns
BM_tc_2r32s1o_T3_C1,1,81004,ns
BM_tc_2r32s1o_T3_C1,1,81035,ns
BM_tc_2r32s1o_T3_C1,1,116456,ns
BM_tc_2r32s1o_T3_C1,1,81008,ns
BM_tc_2r32s1o_T3_C1,1,80959,ns
BM_tc_2r32s1o_T3_C1,1,81114,ns
BM_tc_2r32s1o_T3_C1,1,81091,ns
BM_tc_2r32s1o_T3_C1,1,81092,ns
BM_tc_2r32s1o_T3_C2,1,21936,ns
BM_tc_2r32s1o_T3_C2,1,21509,ns
BM_tc_2r32s1o_T3_C2,1,21441,ns
BM_tc_2r32s1o_T3_C2,1,21450,ns
BM_tc_2r32s1o_T3_C2,1,21439,ns
BM_tc_2r32s1o_T3_C2,1,21459,ns
BM_tc_2r32s1o_T3_C2,1,21447,ns
BM_tc_2r32s1o_T3_C2,1,21463,ns
BM_tc_2r32s1o_T3_C2,1,21438,ns
BM_tc_2r32s1o_T3_C2,1,21432,ns
BM_tc_2r32s1o_T3_C3,1,3926,ns
BM_tc_2r32s1o_T3_C3,1,3759,ns
BM_tc_2r32s1o_T3_C3,1,3725,ns
BM_tc_2r32s1o_T3_C3,1,3792,ns
BM_tc_2r32s1o_T3_C3,1,3789,ns
BM_tc_2r32s1o_T3_C3,1,3810,ns
BM_tc_2r32s1o_T3_C3,1,3798,ns
BM_tc_2r32s1o_T3_C3,1,3798,ns
BM_tc_2r32s1o_T3_C3,1,3791,ns
BM_tc_2r32s1o_T3_C3,1,3794,ns
BM_tc_2r4s1o_T1_C1,1,1616,ns
BM_tc_2r4s1o_T1_C1,1,1286,ns
BM_tc_2r4s1o_T1_C1,1,1244,ns
BM_tc_2r4s1o_T1_C1,1,1187,ns
BM_tc_2r4s1o_T1_C1,1,1207,ns
BM_tc_2r4s1o_T1_C1,1,1221,ns
BM_tc_2r4s1o_T1_C1,1,1201,ns
BM_tc_2r4s1o_T1_C1,1,1202,ns
BM_tc_2r4s1o_T1_C1,1,1181,ns
BM_tc_2r4s1o_T1_C1,1,1206,ns
BM_tc_2r4s1o_T2_C1,1,1113,ns
BM_tc_2r4s1o_T2_C1,1,1152,ns
BM_tc_2r4s1o_T2_C1,1,1113,ns
BM_tc_2r4s1o_T2_C1,1,924,ns
BM_tc_2r4s1o_T2_C1,1,1035,ns
BM_tc_2r4s1o_T2_C1,1,1048,ns
BM_tc_2r4s1o_T2_C1,1,1056,ns
BM_tc_2r4s1o_T2_C1,1,891,ns
BM_tc_2r4s1o_T2_C1,1,999,ns
BM_tc_2r4s1o_T2_C1,1,967,ns
BM_tc_2r4s1o_T2_C2,1,509,ns
BM_tc_2r4s1o_T2_C2,1,274,ns
BM_tc_2r4s1o_T2_C2,1,231,ns
BM_tc_2r4s1o_T2_C2,1,234,ns
BM_tc_2r4s1o_T2_C2,1,374,ns
BM_tc_2r4s1o_T2_C2,1,241,ns
BM_tc_2r4s1o_T2_C2,1,348,ns
BM_tc_2r4s1o_T2_C2,1,331,ns
BM_tc_2r4s1o_T2_C2,1,208,ns
BM_tc_2r4s1o_T2_C2,1,222,ns
BM_tc_2r4s1o_T3_C1,1,886,ns
BM_tc_2r4s1o_T3_C1,1,1083,ns
BM_tc_2r4s1o_T3_C1,1,1002,ns
BM_tc_2r4s1o_T3_C1,1,804,ns
BM_tc_2r4s1o_T3_C1,1,792,ns
BM_tc_2r4s1o_T3_C1,1,1070,ns
BM_tc_2r4s1o_T3_C1,1,1047,ns
BM_tc_2r4s1o_T3_C1,1,837,ns
BM_tc_2r4s1o_T3_C1,1,788,ns
BM_tc_2r4s1o_T3_C1,1,1024,ns
BM_tc_2r4s1o_T3_C2,1,339,ns
BM_tc_2r4s1o_T3_C2,1,208,ns
BM_tc_2r4s1o_T3_C2,1,209,ns
BM_tc_2r4s1o_T3_C2,1,128,ns
BM_tc_2r4s1o_T3_C2,1,122,ns
BM_tc_2r4s1o_T3_C2,1,121,ns
BM_tc_2r4s1o_T3_C2,1,122,ns
BM_tc_2r4s1o_T3_C2,1,143,ns
BM_tc_2r4s1o_T3_C2,1,120,ns
BM_tc_2r4s1o_T3_C2,1,121,ns
BM_tc_2r4s1o_T3_C3,1,81,ns
BM_tc_2r4s1o_T3_C3,1,28,ns
BM_tc_2r4s1o_T3_C3,1,22,ns
BM_tc_2r4s1o_T3_C3,1,23,ns
BM_tc_2r4s1o_T3_C3,1,23,ns
BM_tc_2r4s1o_T3_C3,1,22,ns
BM_tc_2r4s1o_T3_C3,1,23,ns
BM_tc_2r4s1o_T3_C3,1,23,ns
BM_tc_2r4s1o_T3_C3,1,22,ns
BM_tc_2r4s1o_T3_C3,1,22,ns
BM_tc_2r64s1o_T1_C1,1,4199255,ns
BM_tc_2r64s1o_T1_C1,1,3029539,ns
BM_tc_2r64s1o_T1_C1,1,3244151,ns
BM_tc_2r64s1o_T1_C1,1,5080209,ns
BM_tc_2r64s1o_T1_C1,1,4739561,ns
BM_tc_2r64s1o_T1_C1,1,3007335,ns
BM_tc_2r64s1o_T1_C1,1,3024727,ns
BM_tc_2r64s1o_T1_C1,1,4751531,ns
BM_tc_2r64s1o_T1_C1,1,4978930,ns
BM_tc_2r64s1o_T1_C1,1,3065402,ns
BM_tc_2r64s1o_T2_C1,1,490124,ns
BM_tc_2r64s1o_T2_C1,1,509706,ns
BM_tc_2r64s1o_T2_C1,1,480513,ns
BM_tc_2r64s1o_T2_C1,1,486157,ns
BM_tc_2r64s1o_T2_C1,1,496841,ns
BM_tc_2r64s1o_T2_C1,1,497383,ns
BM_tc_2r64s1o_T2_C1,1,479407,ns
BM_tc_2r64s1o_T2_C1,1,483784,ns
BM_tc_2r64s1o_T2_C1,1,477889,ns
BM_tc_2r64s1o_T2_C1,1,538883,ns
BM_tc_2r64s1o_T2_C2,1,257438,ns
BM_tc_2r64s1o_T2_C2,1,263962,ns
BM_tc_2r64s1o_T2_C2,1,256235,ns
BM_tc_2r64s1o_T2_C2,1,264139,ns
BM_tc_2r64s1o_T2_C2,1,275158,ns
BM_tc_2r64s1o_T2_C2,1,256716,ns
BM_tc_2r64s1o_T2_C2,1,256135,ns
BM_tc_2r64s1o_T2_C2,1,263970,ns
BM_tc_2r64s1o_T2_C2,1,242548,ns
BM_tc_2r64s1o_T2_C2,1,173312,ns
BM_tc_2r64s1o_T3_C1,1,422434,ns
BM_tc_2r64s1o_T3_C1,1,440919,ns
BM_tc_2r64s1o_T3_C1,1,483320,ns
BM_tc_2r64s1o_T3_C1,1,416688,ns
BM_tc_2r64s1o_T3_C1,1,443733,ns
BM_tc_2r64s1o_T3_C1,1,416901,ns
BM_tc_2r64s1o_T3_C1,1,422527,ns
BM_tc_2r64s1o_T3_C1,1,417230,ns
BM_tc_2r64s1o_T3_C1,1,627604,ns
BM_tc_2r64s1o_T3_C1,1,630652,ns
BM_tc_2r64s1o_T3_C2,1,265000,ns
BM_tc_2r64s1o_T3_C2,1,265763,ns
BM_tc_2r64s1o_T3_C2,1,272041,ns
BM_tc_2r64s1o_T3_C2,1,264033,ns
BM_tc_2r64s1o_T3_C2,1,266684,ns
BM_tc_2r64s1o_T3_C2,1,266803,ns
BM_tc_2r64s1o_T3_C2,1,300799,ns
BM_tc_2r64s1o_T3_C2,1,264493,ns
BM_tc_2r64s1o_T3_C2,1,264951,ns
BM_tc_2r64s1o_T3_C2,1,264532,ns
BM_tc_2r64s1o_T3_C3,1,32325,ns
BM_tc_2r64s1o_T3_C3,1,32412,ns
BM_tc_2r64s1o_T3_C3,1,32181,ns
BM_tc_2r64s1o_T3_C3,1,32150,ns
BM_tc_2r64s1o_T3_C3,1,32149,ns
BM_tc_2r64s1o_T3_C3,1,32163,ns
BM_tc_2r64s1o_T3_C3,1,39522,ns
BM_tc_2r64s1o_T3_C3,1,32169,ns
BM_tc_2r64s1o_T3_C3,1,32183,ns
BM_tc_2r64s1o_T3_C3,1,32186,ns
BM_tc_2r8s1o_T1_C1,1,7008,ns
BM_tc_2r8s1o_T1_C1,1,6947,ns
BM_tc_2r8s1o_T1_C1,1,6851,ns
BM_tc_2r8s1o_T1_C1,1,6841,ns
BM_tc_2r8s1o_T1_C1,1,6847,ns
BM_tc_2r8s1o_T1_C1,1,6824,ns
BM_tc_2r8s1o_T1_C1,1,6842,ns
BM_tc_2r8s1o_T1_C1,1,6828,ns
BM_tc_2r8s1o_T1_C1,1,6840,ns
BM_tc_2r8s1o_T1_C1,1,6821,ns
BM_tc_2r8s1o_T2_C1,1,1508,ns
BM_tc_2r8s1o_T2_C1,1,1418,ns
BM_tc_2r8s1o_T2_C1,1,1392,ns
BM_tc_2r8s1o_T2_C1,1,1365,ns
BM_tc_2r8s1o_T2_C1,1,1324,ns
BM_tc_2r8s1o_T2_C1,1,1309,ns
BM_tc_2r8s1o_T2_C1,1,1334,ns
BM_tc_2r8s1o_T2_C1,1,1305,ns
BM_tc_2r8s1o_T2_C1,1,1326,ns
BM_tc_2r8s1o_T2_C1,1,1364,ns
BM_tc_2r8s1o_T2_C2,1,1485,ns
BM_tc_2r8s1o_T2_C2,1,920,ns
BM_tc_2r8s1o_T2_C2,1,1389,ns
BM_tc_2r8s1o_T2_C2,1,1452,ns
BM_tc_2r8s1o_T2_C2,1,861,ns
BM_tc_2r8s1o_T2_C2,1,1256,ns
BM_tc_2r8s1o_T2_C2,1,1370,ns
BM_tc_2r8s1o_T2_C2,1,1003,ns
BM_tc_2r8s1o_T2_C2,1,872,ns
BM_tc_2r8s1o_T2_C2,1,1516,ns
BM_tc_2r8s1o_T3_C1,1,2612,ns
BM_tc_2r8s1o_T3_C1,1,2169,ns
BM_tc_2r8s1o_T3_C1,1,2534,ns
BM_tc_2r8s1o_T3_C1,1,1924,ns
BM_tc_2r8s1o_T3_C1,1,2500,ns
BM_tc_2r8s1o_T3_C1,1,2028,ns
BM_tc_2r8s1o_T3_C1,1,2385,ns
BM_tc_2r8s1o_T3_C1,1,2422,ns
BM_tc_2r8s1o_T3_C1,1,2030,ns
BM_tc_2r8s1o_T3_C1,1,2452,ns
BM_tc_2r8s1o_T3_C2,1,878,ns
BM_tc_2r8s1o_T3_C2,1,1145,ns
BM_tc_2r8s1o_T3_C2,1,1258,ns
BM_tc_2r8s1o_T3_C2,1,1008,ns
BM_tc_2r8s1o_T3_C2,1,813,ns
BM_tc_2r8s1o_T3_C2,1,1374,ns
BM_tc_2r8s1o_T3_C2,1,1327,ns
BM_tc_2r8s1o_T3_C2,1,803,ns
BM_tc_2r8s1o_T3_C2,1,813,ns
BM_tc_2r8s1o_T3_C2,1,1387,ns
BM_tc_2r8s1o_T3_C3,1,199,ns
BM_tc_2r8s1o_T3_C3,1,114,ns
BM_tc_2r8s1o_T3_C3,1,48,ns
BM_tc_2r8s1o_T3_C3,1,45,ns
BM_tc_2r8s1o_T3_C3,1,44,ns
BM_tc_2r8s1o_T3_C3,1,44,ns
BM_tc_2r8s1o_T3_C3,1,44,ns
BM_tc_2r8s1o_T3_C3,1,46,ns
BM_tc_2r8s1o_T3_C3,1,43,ns
BM_tc_2r8s1o_T3_C3,1,44,ns
BM_tc_3r15s1o_T1_C1,1,11925596,ns
BM_tc_3r15s1o_T1_C1,1,13429697,ns
BM_tc_3r15s1o_T1_C1,1,9783415,ns
BM_tc_3r15s1o_T1_C1,1,9821515,ns
BM_tc_3r15s1o_T1_C1,1,9819809,ns
BM_tc_3r15s1o_T1_C1,1,9770410,ns
BM_tc_3r15s1o_T1_C1,1,9812095,ns
BM_tc_3r15s1o_T1_C1,1,9825113,ns
BM_tc_3r15s1o_T1_C1,1,9755171,ns
BM_tc_3r15s1o_T1_C1,1,9785800,ns
BM_tc_3r15s1o_T2_C1,1,2864311,ns
BM_tc_3r15s1o_T2_C1,1,4242680,ns
BM_tc_3r15s1o_T2_C1,1,3223510,ns
BM_tc_3r15s1o_T2_C1,1,2812939,ns
BM_tc_3r15s1o_T2_C1,1,2749149,ns
BM_tc_3r15s1o_T2_C1,1,2818482,ns
BM_tc_3r15s1o_T2_C1,1,2762335,ns
BM_tc_3r15s1o_T2_C1,1,2817871,ns
BM_tc_3r15s1o_T2_C1,1,2881708,ns
BM_tc_3r15s1o_T2_C1,1,3253298,ns
BM_tc_3r15s1o_T2_C2,1,667515,ns
BM_tc_3r15s1o_T2_C2,1,648748,ns
BM_tc_3r15s1o_T2_C2,1,642697,ns
BM_tc_3r15s1o_T2_C2,1,647604,ns
BM_tc_3r15s1o_T2_C2,1,801066,ns
BM_tc_3r15s1o_T2_C2,1,695368,ns
BM_tc_3r15s1o_T2_C2,1,647669,ns
BM_tc_3r15s1o_T2_C2,1,669420,ns
BM_tc_3r15s1o_T2_C2,1,642708,ns
BM_tc_3r15s1o_T2_C2,1,668572,ns
BM_tc_3r15s1o_T3_C1,1,3078849,ns
BM_tc_3r15s1o_T3_C1,1,3065912,ns
BM_tc_3r15s1o_T3_C1,1,3076482,ns
BM_tc_3r15s1o_T3_C1,1,2210463,ns
BM_tc_3r15s1o_T3_C1,1,2105274,ns
BM_tc_3r15s1o_T3_C1,1,2123288,ns
BM_tc_3r15s1o_T3_C1,1,2637318,ns
BM_tc_3r15s1o_T3_C1,1,3077776,ns
BM_tc_3r15s1o_T3_C1,1,3078425,ns
BM_tc_3r15s1o_T3_C1,1,2640826,ns
BM_tc_3r15s1o_T3_C2,1,625656,ns
BM_tc_3r15s1o_T3_C2,1,593014,ns
BM_tc_3r15s1o_T3_C2,1,597918,ns
BM_tc_3r15s1o_T3_C2,1,620894,ns
BM_tc_3r15s1o_T3_C2,1,597815,ns
BM_tc_3r15s1o_T3_C2,1,596403,ns
BM_tc_3r15s1o_T3_C2,1,592220,ns
BM_tc_3r15s1o_T3_C2,1,654729,ns
BM_tc_3r15s1o_T3_C2,1,592328,ns
BM_tc_3r15s1o_T3_C2,1,612348,ns
BM_tc_3r15s1o_T3_C3,1,139742,ns
BM_tc_3r15s1o_T3_C3,1,139446,ns
BM_tc_3r15s1o_T3_C3,1,138951,ns
BM_tc_3r15s1o_T3_C3,1,144163,ns
BM_tc_3r15s1o_T3_C3,1,139129,ns
BM_tc_3r15s1o_T3_C3,1,146639,ns
BM_tc_3r15s1o_T3_C3,1,146393,ns
BM_tc_3r15s1o_T3_C3,1,139241,ns
BM_tc_3r15s1o_T3_C3,1,139106,ns
BM_tc_3r15s1o_T3_C3,1,161167,ns
BM_tc_3r16s1o_T1_C1,1,13412444,ns
BM_tc_3r16s1o_T1_C1,1,13345646,ns
BM_tc_3r16s1o_T1_C1,1,13344147,ns
BM_tc_3r16s1o_T1_C1,1,13346987,ns
BM_tc_3r16s1o_T1_C1,1,13386586,ns
BM_tc_3r16s1o_T1_C1,1,13347192,ns
BM_tc_3r16s1o_T1_C1,1,13355051,ns
BM_tc_3r16s1o_T1_C1,1,13343239,ns
BM_tc_3r16s1o_T1_C1,1,13278209,ns
BM_tc_3r16s1o_T1_C1,1,13312715,ns
BM_tc_3r16s1o_T2_C1,1,4443363,ns
BM_tc_3r16s1o_T2_C1,1,3792009,ns
BM_tc_3r16s1o_T2_C1,1,3785554,ns
BM_tc_3r16s1o_T2_C1,1,3780054,ns
BM_tc_3r16s1o_T2_C1,1,3800733,ns
BM_tc_3r16s1o_T2_C1,1,3778490,ns
BM_tc_3r16s1o_T2_C1,1,3778995,ns
BM_tc_3r16s1o_T2_C1,1,3805515,ns
BM_tc_3r16s1o_T2_C1,1,3778837,ns
BM_tc_3r16s1o_T2_C1,1,3779404,ns
BM_tc_3r16s1o_T2_C2,1,850612,ns
BM_tc_3r16s1o_T2_C2,1,863340,ns
BM_tc_3r16s1o_T2_C2,1,850254,ns
BM_tc_3r16s1o_T2_C2,1,844630,ns
BM_tc_3r16s1o_T2_C2,1,901350,ns
BM_tc_3r16s1o_T2_C2,1,865167,ns
BM_tc_3r16s1o_T2_C2,1,846238,ns
BM_tc_3r16s1o_T2_C2,1,951293,ns
BM_tc_3r16s1o_T2_C2,1,1329531,ns
BM_tc_3r16s1o_T2_C2,1,1296588,ns
BM_tc_3r16s1o_T3_C1,1,2746879,ns
BM_tc_3r16s1o_T3_C1,1,4074902,ns
BM_tc_3r16s1o_T3_C1,1,3271789,ns
BM_tc_3r16s1o_T3_C1,1,2679029,ns
BM_tc_3r16s1o_T3_C1,1,2683022,ns
BM_tc_3r16s1o_T3_C1,1,2680689,ns
BM_tc_3r16s1o_T3_C1,1,2677317,ns
BM_tc_3r16s1o_T3_C1,1,2681143,ns
BM_tc_3r16s1o_T3_C1,1,2706059,ns
BM_tc_3r16s1o_T3_C1,1,2681745,ns
BM_tc_3r16s1o_T3_C2,1,770618,ns
BM_tc_3r16s1o_T3_C2,1,740305,ns
BM_tc_3r16s1o_T3_C2,1,775275,ns
BM_tc_3r16s1o_T3_C2,1,745984,ns
BM_tc_3r16s1o_T3_C2,1,762249,ns
BM_tc_3r16s1o_T3_C2,1,739838,ns
BM_tc_3r16s1o_T3_C2,1,806167,ns
BM_tc_3r16s1o_T3_C2,1,745459,ns
BM_tc_3r16s1o_T3_C2,1,745341,ns
BM_tc_3r16s1o_T3_C2,1,1139034,ns
BM_tc_3r16s1o_T3_C3,1,41349,ns
BM_tc_3r16s1o_T3_C3,1,41246,ns
BM_tc_3r16s1o_T3_C3,1,41252,ns
BM_tc_3r16s1o_T3_C3,1,41331,ns
BM_tc_3r16s1o_T3_C3,1,41153,ns
BM_tc_3r16s1o_T3_C3,1,41158,ns
BM_tc_3r16s1o_T3_C3,1,41232,ns
BM_tc_3r16s1o_T3_C3,1,41121,ns
BM_tc_3r16s1o_T3_C3,1,41017,ns
BM_tc_3r16s1o_T3_C3,1,41030,ns
BM_tc_3r31s1o_T1_C1,1,338609107,ns
BM_tc_3r31s1o_T1_C1,1,338226871,ns
BM_tc_3r31s1o_T1_C1,1,339590468,ns
BM_tc_3r31s1o_T1_C1,1,340240407,ns
BM_tc_3r31s1o_T1_C1,1,338736538,ns
BM_tc_3r31s1o_T1_C1,1,339701846,ns
BM_tc_3r31s1o_T1_C1,1,338684380,ns
BM_tc_3r31s1o_T1_C1,1,339200419,ns
BM_tc_3r31s1o_T1_C1,1,340025976,ns
BM_tc_3r31s1o_T1_C1,1,343567653,ns
BM_tc_3r31s1o_T2_C1,1,108019497,ns
BM_tc_3r31s1o_T2_C1,1,108218870,ns
BM_tc_3r31s1o_T2_C1,1,108104325,ns
BM_tc_3r31s1o_T2_C1,1,107856101,ns
BM_tc_3r31s1o_T2_C1,1,107714442,ns
BM_tc_3r31s1o_T2_C1,1,107713759,ns
BM_tc_3r31s1o_T2_C1,1,107762154,ns
BM_tc_3r31s1o_T2_C1,1,107743696,ns
BM_tc_3r31s1o_T2_C1,1,107733219,ns
BM_tc_3r31s1o_T2_C1,1,107711787,ns
BM_tc_3r31s1o_T2_C2,1,21896598,ns
BM_tc_3r31s1o_T2_C2,1,21860243,ns
BM_tc_3r31s1o_T2_C2,1,21858506,ns
BM_tc_3r31s1o_T2_C2,1,21884589,ns
BM_tc_3r31s1o_T2_C2,1,21873494,ns
BM_tc_3r31s1o_T2_C2,1,21873799,ns
BM_tc_3r31s1o_T2_C2,1,21866891,ns
BM_tc_3r31s1o_T2_C2,1,21863132,ns
BM_tc_3r31s1o_T2_C2,1,21873614,ns
BM_tc_3r31s1o_T2_C2,1,21966677,ns
BM_tc_3r31s1o_T3_C1,1,84255934,ns
BM_tc_3r31s1o_T3_C1,1,81454334,ns
BM_tc_3r31s1o_T3_C1,1,80307376,ns
BM_tc_3r31s1o_T3_C1,1,77730140,ns
BM_tc_3r31s1o_T3_C1,1,77673044,ns
BM_tc_3r31s1o_T3_C1,1,77759652,ns
BM_tc_3r31s1o_T3_C1,1,77730744,ns
BM_tc_3r31s1o_T3_C1,1,79711720,ns
BM_tc_3r31s1o_T3_C1,1,78948650,ns
BM_tc_3r31s1o_T3_C1,1,77345454,ns
BM_tc_3r31s1o_T3_C2,1,19168974,ns
BM_tc_3r31s1o_T3_C2,1,19168495,ns
BM_tc_3r31s1o_T3_C2,1,19163928,ns
BM_tc_3r31s1o_T3_C2,1,19187881,ns
BM_tc_3r31s1o_T3_C2,1,19168025,ns
BM_tc_3r31s1o_T3_C2,1,19168384,ns
BM_tc_3r31s1o_T3_C2,1,19164973,ns
BM_tc_3r31s1o_T3_C2,1,19165367,ns
BM_tc_3r31s1o_T3_C2,1,19163296,ns
BM_tc_3r31s1o_T3_C2,1,19164312,ns
BM_tc_3r31s1o_T3_C3,1,8002195,ns
BM_tc_3r31s1o_T3_C3,1,8021815,ns
BM_tc_3r31s1o_T3_C3,1,7991461,ns
BM_tc_3r31s1o_T3_C3,1,7993616,ns
BM_tc_3r31s1o_T3_C3,1,7993657,ns
BM_tc_3r31s1o_T3_C3,1,7982299,ns
BM_tc_3r31s1o_T3_C3,1,7988584,ns
BM_tc_3r31s1o_T3_C3,1,7971133,ns
BM_tc_3r31s1o_T3_C3,1,7966533,ns
BM_tc_3r31s1o_T3_C3,1,7965604,ns
BM_tc_3r32s1o_T1_C1,1,430095335,ns
BM_tc_3r32s1o_T1_C1,1,426598505,ns
BM_tc_3r32s1o_T1_C1,1,439984905,ns
BM_tc_3r32s1o_T1_C1,1,429270858,ns
BM_tc_3r32s1o_T1_C1,1,421949871,ns
BM_tc_3r32s1o_T1_C1,1,422011405,ns
BM_tc_3r32s1o_T1_C1,1,422522145,ns
BM_tc_3r32s1o_T1_C1,1,421602021,ns
BM_tc_3r32s1o_T1_C1,1,422904847,ns
BM_tc_3r32s1o_T1_C1,1,421578823,ns
BM_tc_3r32s1o_T2_C1,1,166657010,ns
BM_tc_3r32s1o_T2_C1,1,166148642,ns
BM_tc_3r32s1o_T2_C1,1,165738616,ns
BM_tc_3r32s1o_T2_C1,1,166168728,ns
BM_tc_3r32s1o_T2_C1,1,165755851,ns
BM_tc_3r32s1o_T2_C1,1,165732444,ns
BM_tc_3r32s1o_T2_C1,1,166889548,ns
BM_tc_3r32s1o_T2_C1,1,175635053,ns
BM_tc_3r32s1o_T2_C1,1,165733907,ns
BM_tc_3r32s1o_T2_C1,1,165914714,ns
BM_tc_3r32s1o_T2_C2,1,67024215,ns
BM_tc_3r32s1o_T2_C2,1,67014168,ns
BM_tc_3r32s1o_T2_C2,1,67028809,ns
BM_tc_3r32s1o_T2_C2,1,69418523,ns
BM_tc_3r32s1o_T2_C2,1,67336505,ns
BM_tc_3r32s1o_T2_C2,1,67084857,ns
BM_tc_3r32s1o_T2_C2,1,67044251,ns
BM_tc_3r32s1o_T2_C2,1,67029227,ns
BM_tc_3r32s1o_T2_C2,1,67062531,ns
BM_tc_3r32s1o_T2_C2,1,67065862,ns
BM_tc_3r32s1o_T3_C1,1,111797483,ns
BM_tc_3r32s1o_T3_C1,1,111636282,ns
BM_tc_3r32s1o_T3_C1,1,114011563,ns
BM_tc_3r32s1o_T3_C1,1,111676305,ns
BM_tc_3r32s1o_T3_C1,1,112016316,ns
BM_tc_3r32s1o_T3_C1,1,121789826,ns
BM_tc_3r32s1o_T3_C1,1,111654923,ns
BM_tc_3r32s1o_T3_C1,1,111657158,ns
BM_tc_3r32s1o_T3_C1,1,111725827,ns
BM_tc_3r32s1o_T3_C1,1,111768741,ns
BM_tc_3r32s1o_T3_C2,1,65965299,ns
BM_tc_3r32s1o_T3_C2,1,67438691,ns
BM_tc_3r32s1o_T3_C2,1,65754151,ns
BM_tc_3r32s1o_T3_C2,1,65768726,ns
BM_tc_3r32s1o_T3_C2,1,65525133,ns
BM_tc_3r32s1o_T3_C2,1,65504432,ns
BM_tc_3r32s1o_T3_C2,1,65523917,ns
BM_tc_3r32s1o_T3_C2,1,65478293,ns
BM_tc_3r32s1o_T3_C2,1,65495742,ns
BM_tc_3r32s1o_T3_C2,1,65502854,ns
BM_tc_3r32s1o_T3_C3,1,10129230,ns
BM_tc_3r32s1o_T3_C3,1,10109915,ns
BM_tc_3r32s1o_T3_C3,1,10111800,ns
BM_tc_3r32s1o_T3_C3,1,10196557,ns
BM_tc_3r32s1o_T3_C3,1,10134270,ns
BM_tc_3r32s1o_T3_C3,1,10136156,ns
BM_tc_3r32s1o_T3_C3,1,10140130,ns
BM_tc_3r32s1o_T3_C3,1,10124149,ns
BM_tc_3r32s1o_T3_C3,1,10133310,ns
BM_tc_3r32s1o_T3_C3,1,10152106,ns
BM_tc_3r3s1o_T1_C1,1,4755,ns
BM_tc_3r3s1o_T1_C1,1,4704,ns
BM_tc_3r3s1o_T1_C1,1,4515,ns
BM_tc_3r3s1o_T1_C1,1,4536,ns
BM_tc_3r3s1o_T1_C1,1,4536,ns
BM_tc_3r3s1o_T1_C1,1,4487,ns
BM_tc_3r3s1o_T1_C1,1,4527,ns
BM_tc_3r3s1o_T1_C1,1,4558,ns
BM_tc_3r3s1o_T1_C1,1,4598,ns
BM_tc_3r3s1o_T1_C1,1,4502,ns
BM_tc_3r3s1o_T2_C1,1,1866,ns
BM_tc_3r3s1o_T2_C1,1,1654,ns
BM_tc_3r3s1o_T2_C1,1,1649,ns
BM_tc_3r3s1o_T2_C1,1,1592,ns
BM_tc_3r3s1o_T2_C1,1,1648,ns
BM_tc_3r3s1o_T2_C1,1,1624,ns
BM_tc_3r3s1o_T2_C1,1,1631,ns
BM_tc_3r3s1o_T2_C1,1,1640,ns
BM_tc_3r3s1o_T2_C1,1,1638,ns
BM_tc_3r3s1o_T2_C1,1,1635,ns
BM_tc_3r3s1o_T2_C2,1,687,ns
BM_tc_3r3s1o_T2_C2,1,664,ns
BM_tc_3r3s1o_T2_C2,1,603,ns
BM_tc_3r3s1o_T2_C2,1,559,ns
BM_tc_3r3s1o_T2_C2,1,539,ns
BM_tc_3r3s1o_T2_C2,1,547,ns
BM_tc_3r3s1o_T2_C2,1,558,ns
BM_tc_3r3s1o_T2_C2,1,532,ns
BM_tc_3r3s1o_T2_C2,1,538,ns
BM_tc_3r3s1o_T2_C2,1,532,ns
BM_tc_3r3s1o_T3_C1,1,1352,ns
BM_tc_3r3s1o_T3_C1,1,1244,ns
BM_tc_3r3s1o_T3_C1,1,1229,ns
BM_tc_3r3s1o_T3_C1,1,1208,ns
BM_tc_3r3s1o_T3_C1,1,1206,ns
BM_tc_3r3s1o_T3_C1,1,1181,ns
BM_tc_3r3s1o_T3_C1,1,1205,ns
BM_tc_3r3s1o_T3_C1,1,1202,ns
BM_tc_3r3s1o_T3_C1,1,1193,ns
BM_tc_3r3s1o_T3_C1,1,1181,ns
BM_tc_3r3s1o_T3_C2,1,856,ns
BM_tc_3r3s1o_T3_C2,1,772,ns
BM_tc_3r3s1o_T3_C2,1,1031,ns
BM_tc_3r3s1o_T3_C2,1,1024,ns
BM_tc_3r3s1o_T3_C2,1,716,ns
BM_tc_3r3s1o_T3_C2,1,690,ns
BM_tc_3r3s1o_T3_C2,1,1017,ns
BM_tc_3r3s1o_T3_C2,1,1006,ns
BM_tc_3r3s1o_T3_C2,1,901,ns
BM_tc_3r3s1o_T3_C2,1,695,ns
BM_tc_3r3s1o_T3_C3,1,431,ns
BM_tc_3r3s1o_T3_C3,1,227,ns
BM_tc_3r3s1o_T3_C3,1,131,ns
BM_tc_3r3s1o_T3_C3,1,136,ns
BM_tc_3r3s1o_T3_C3,1,131,ns
BM_tc_3r3s1o_T3_C3,1,212,ns
BM_tc_3r3s1o_T3_C3,1,206,ns
BM_tc_3r3s1o_T3_C3,1,209,ns
BM_tc_3r3s1o_T3_C3,1,201,ns
BM_tc_3r3s1o_T3_C3,1,132,ns
BM_tc_3r4s1o_T1_C1,1,33030,ns
BM_tc_3r4s1o_T1_C1,1,33250,ns
BM_tc_3r4s1o_T1_C1,1,33004,ns
BM_tc_3r4s1o_T1_C1,1,33298,ns
BM_tc_3r4s1o_T1_C1,1,32774,ns
BM_tc_3r4s1o_T1_C1,1,33111,ns
BM_tc_3r4s1o_T1_C1,1,32613,ns
BM_tc_3r4s1o_T1_C1,1,32978,ns
BM_tc_3r4s1o_T1_C1,1,32931,ns
BM_tc_3r4s1o_T1_C1,1,33144,ns
BM_tc_3r4s1o_T2_C1,1,9127,ns
BM_tc_3r4s1o_T2_C1,1,9200,ns
BM_tc_3r4s1o_T2_C1,1,8944,ns
BM_tc_3r4s1o_T2_C1,1,9008,ns
BM_tc_3r4s1o_T2_C1,1,8817,ns
BM_tc_3r4s1o_T2_C1,1,8930,ns
BM_tc_3r4s1o_T2_C1,1,8999,ns
BM_tc_3r4s1o_T2_C1,1,8848,ns
BM_tc_3r4s1o_T2_C1,1,8799,ns
BM_tc_3r4s1o_T2_C1,1,8867,ns
BM_tc_3r4s1o_T2_C2,1,1885,ns
BM_tc_3r4s1o_T2_C2,1,1827,ns
BM_tc_3r4s1o_T2_C2,1,1711,ns
BM_tc_3r4s1o_T2_C2,1,1707,ns
BM_tc_3r4s1o_T2_C2,1,1675,ns
BM_tc_3r4s1o_T2_C2,1,1692,ns
BM_tc_3r4s1o_T2_C2,1,9382,ns
BM_tc_3r4s1o_T2_C2,1,1775,ns
BM_tc_3r4s1o_T2_C2,1,1814,ns
BM_tc_3r4s1o_T2_C2,1,1700,ns
BM_tc_3r4s1o_T3_C1,1,4100,ns
BM_tc_3r4s1o_T3_C1,1,4037,ns
BM_tc_3r4s1o_T3_C1,1,3946,ns
BM_tc_3r4s1o_T3_C1,1,3958,ns
BM_tc_3r4s1o_T3_C1,1,3991,ns
BM_tc_3r4s1o_T3_C1,1,4021,ns
BM_tc_3r4s1o_T3_C1,1,3914,ns
BM_tc_3r4s1o_T3_C1,1,3933,ns
BM_tc_3r4s1o_T3_C1,1,3970,ns
BM_tc_3r4s1o_T3_C1,1,3873,ns
BM_tc_3r4s1o_T3_C2,1,1819,ns
BM_tc_3r4s1o_T3_C2,1,1777,ns
BM_tc_3r4s1o_T3_C2,1,1715,ns
BM_tc_3r4s1o_T3_C2,1,1700,ns
BM_tc_3r4s1o_T3_C2,1,1723,ns
BM_tc_3r4s1o_T3_C2,1,1691,ns
BM_tc_3r4s1o_T3_C2,1,1687,ns
BM_tc_3r4s1o_T3_C2,1,1694,ns
BM_tc_3r4s1o_T3_C2,1,1690,ns
BM_tc_3r4s1o_T3_C2,1,1692,ns
BM_tc_3r4s1o_T3_C3,1,182,ns
BM_tc_3r4s1o_T3_C3,1,163,ns
BM_tc_3r4s1o_T3_C3,1,100,ns
BM_tc_3r4s1o_T3_C3,1,139,ns
BM_tc_3r4s1o_T3_C3,1,100,ns
BM_tc_3r4s1o_T3_C3,1,133,ns
BM_tc_3r4s1o_T3_C3,1,137,ns
BM_tc_3r4s1o_T3_C3,1,100,ns
BM_tc_3r4s1o_T3_C3,1,103,ns
BM_tc_3r4s1o_T3_C3,1,99,ns
BM_tc_3r7s1o_T1_C1,1,417979,ns
BM_tc_3r7s1o_T1_C1,1,427550,ns
BM_tc_3r7s1o_T1_C1,1,418984,ns
BM_tc_3r7s1o_T1_C1,1,424623,ns
BM_tc_3r7s1o_T1_C1,1,418710,ns
BM_tc_3r7s1o_T1_C1,1,417972,ns
BM_tc_3r7s1o_T1_C1,1,464080,ns
BM_tc_3r7s1o_T1_C1,1,317808,ns
BM_tc_3r7s1o_T1_C1,1,272033,ns
BM_tc_3r7s1o_T1_C1,1,269616,ns
BM_tc_3r7s1o_T2_C1,1,73692,ns
BM_tc_3r7s1o_T2_C1,1,73467,ns
BM_tc_3r7s1o_T2_C1,1,73260,ns
BM_tc_3r7s1o_T2_C1,1,73386,ns
BM_tc_3r7s1o_T2_C1,1,80216,ns
BM_tc_3r7s1o_T2_C1,1,73335,ns
BM_tc_3r7s1o_T2_C1,1,96261,ns
BM_tc_3r7s1o_T2_C1,1,73293,ns
BM_tc_3r7s1o_T2_C1,1,73152,ns
BM_tc_3r7s1o_T2_C1,1,73405,ns
BM_tc_3r7s1o_T2_C2,1,22221,ns
BM_tc_3r7s1o_T2_C2,1,22167,ns
BM_tc_3r7s1o_T2_C2,1,22143,ns
BM_tc_3r7s1o_T2_C2,1,22088,ns
BM_tc_3r7s1o_T2_C2,1,22129,ns
BM_tc_3r7s1o_T2_C2,1,22171,ns
BM_tc_3r7s1o_T2_C2,1,22104,ns
BM_tc_3r7s1o_T2_C2,1,29634,ns
BM_tc_3r7s1o_T2_C2,1,22125,ns
BM_tc_3r7s1o_T2_C2,1,22102,ns
BM_tc_3r7s1o_T3_C1,1,80123,ns
BM_tc_3r7s1o_T3_C1,1,79603,ns
BM_tc_3r7s1o_T3_C1,1,79987,ns
BM_tc_3r7s1o_T3_C1,1,79561,ns
BM_tc_3r7s1o_T3_C1,1,79149,ns
BM_tc_3r7s1o_T3_C1,1,79447,ns
BM_tc_3r7s1o_T3_C1,1,79616,ns
BM_tc_3r7s1o_T3_C1,1,79543,ns
BM_tc_3r7s1o_T3_C1,1,79226,ns
BM_tc_3r7s1o_T3_C1,1,88071,ns
BM_tc_3r7s1o_T3_C2,1,39226,ns
BM_tc_3r7s1o_T3_C2,1,38555,ns
BM_tc_3r7s1o_T3_C2,1,38349,ns
BM_tc_3r7s1o_T3_C2,1,38839,ns
BM_tc_3r7s1o_T3_C2,1,38732,ns
BM_tc_3r7s1o_T3_C2,1,38387,ns
BM_tc_3r7s1o_T3_C2,1,38337,ns
BM_tc_3r7s1o_T3_C2,1,38586,ns
BM_tc_3r7s1o_T3_C2,1,38878,ns
BM_tc_3r7s1o_T3_C2,1,38415,ns
BM_tc_3r7s1o_T3_C3,1,2109,ns
BM_tc_3r7s1o_T3_C3,1,2040,ns
BM_tc_3r7s1o_T3_C3,1,2011,ns
BM_tc_3r7s1o_T3_C3,1,1981,ns
BM_tc_3r7s1o_T3_C3,1,1967,ns
BM_tc_3r7s1o_T3_C3,1,1974,ns
BM_tc_3r7s1o_T3_C3,1,1987,ns
BM_tc_3r7s1o_T3_C3,1,1983,ns
BM_tc_3r7s1o_T3_C3,1,1975,ns
BM_tc_3r7s1o_T3_C3,1,1975,ns
BM_tc_3r8s1o_T1_C1,1,524493,ns
BM_tc_3r8s1o_T1_C1,1,432816,ns
BM_tc_3r8s1o_T1_C1,1,447473,ns
BM_tc_3r8s1o_T1_C1,1,441458,ns
BM_tc_3r8s1o_T1_C1,1,432952,ns
BM_tc_3r8s1o_T1_C1,1,445133,ns
BM_tc_3r8s1o_T1_C1,1,442434,ns
BM_tc_3r8s1o_T1_C1,1,489217,ns
BM_tc_3r8s1o_T1_C1,1,798633,ns
BM_tc_3r8s1o_T1_C1,1,793295,ns
BM_tc_3r8s1o_T2_C1,1,204302,ns
BM_tc_3r8s1o_T2_C1,1,204985,ns
BM_tc_3r8s1o_T2_C1,1,205290,ns
BM_tc_3r8s1o_T2_C1,1,211397,ns
BM_tc_3r8s1o_T2_C1,1,205127,ns
BM_tc_3r8s1o_T2_C1,1,204731,ns
BM_tc_3r8s1o_T2_C1,1,205265,ns
BM_tc_3r8s1o_T2_C1,1,209332,ns
BM_tc_3r8s1o_T2_C1,1,209172,ns
BM_tc_3r8s1o_T2_C1,1,204916,ns
BM_tc_3r8s1o_T2_C2,1,45102,ns
BM_tc_3r8s1o_T2_C2,1,45011,ns
BM_tc_3r8s1o_T2_C2,1,44963,ns
BM_tc_3r8s1o_T2_C2,1,44866,ns
BM_tc_3r8s1o_T2_C2,1,44922,ns
BM_tc_3r8s1o_T2_C2,1,45082,ns
BM_tc_3r8s1o_T2_C2,1,44852,ns
BM_tc_3r8s1o_T2_C2,1,44904,ns
BM_tc_3r8s1o_T2_C2,1,44833,ns
BM_tc_3r8s1o_T2_C2,1,44890,ns
BM_tc_3r8s1o_T3_C1,1,86520,ns
BM_tc_3r8s1o_T3_C1,1,86332,ns
BM_tc_3r8s1o_T3_C1,1,93623,ns
BM_tc_3r8s1o_T3_C1,1,91031,ns
BM_tc_3r8s1o_T3_C1,1,86271,ns
BM_tc_3r8s1o_T3_C1,1,86284,ns
BM_tc_3r8s1o_T3_C1,1,86118,ns
BM_tc_3r8s1o_T3_C1,1,86390,ns
BM_tc_3r8s1o_T3_C1,1,102057,ns
BM_tc_3r8s1o_T3_C1,1,86645,ns
BM_tc_3r8s1o_T3_C2,1,62165,ns
BM_tc_3r8s1o_T3_C2,1,62499,ns
BM_tc_3r8s1o_T3_C2,1,62094,ns
BM_tc_3r8s1o_T3_C2,1,62156,ns
BM_tc_3r8s1o_T3_C2,1,62427,ns
BM_tc_3r8s1o_T3_C2,1,71801,ns
BM_tc_3r8s1o_T3_C2,1,61900,ns
BM_tc_3r8s1o_T3_C2,1,62499,ns
BM_tc_3r8s1o_T3_C2,1,62395,ns
BM_tc_3r8s1o_T3_C2,1,62113,ns
BM_tc_3r8s1o_T3_C3,1,2096,ns
BM_tc_3r8s1o_T3_C3,1,2038,ns
BM_tc_3r8s1o_T3_C3,1,1876,ns
BM_tc_3r8s1o_T3_C3,1,2005,ns
BM_tc_3r8s1o_T3_C3,1,2036,ns
BM_tc_3r8s1o_T3_C3,1,1880,ns
BM_tc_3r8s1o_T3_C3,1,2056,ns
BM_tc_3r8s1o_T3_C3,1,1947,ns
BM_tc_3r8s1o_T3_C3,1,1968,ns
BM_tc_3r8s1o_T3_C3,1,2007,ns
BM_tc_4r2s1o_T1_C1,1,7887,ns
BM_tc_4r2s1o_T1_C1,1,7932,ns
BM_tc_4r2s1o_T1_C1,1,7607,ns
BM_tc_4r2s1o_T1_C1,1,7642,ns
BM_tc_4r2s1o_T1_C1,1,7743,ns
BM_tc_4r2s1o_T1_C1,1,7669,ns
BM_tc_4r2s1o_T1_C1,1,7749,ns
BM_tc_4r2s1o_T1_C1,1,7768,ns
BM_tc_4r2s1o_T1_C1,1,7799,ns
BM_tc_4r2s1o_T1_C1,1,7758,ns
BM_tc_4r2s1o_T2_C1,1,3203,ns
BM_tc_4r2s1o_T2_C1,1,3153,ns
BM_tc_4r2s1o_T2_C1,1,3067,ns
BM_tc_4r2s1o_T2_C1,1,3065,ns
BM_tc_4r2s1o_T2_C1,1,3073,ns
BM_tc_4r2s1o_T2_C1,1,3067,ns
BM_tc_4r2s1o_T2_C1,1,3069,ns
BM_tc_4r2s1o_T2_C1,1,3073,ns
BM_tc_4r2s1o_T2_C1,1,3066,ns
BM_tc_4r2s1o_T2_C1,1,3054,ns
BM_tc_4r2s1o_T2_C2,1,632,ns
BM_tc_4r2s1o_T2_C2,1,579,ns
BM_tc_4r2s1o_T2_C2,1,512,ns
BM_tc_4r2s1o_T2_C2,1,518,ns
BM_tc_4r2s1o_T2_C2,1,578,ns
BM_tc_4r2s1o_T2_C2,1,541,ns
BM_tc_4r2s1o_T2_C2,1,543,ns
BM_tc_4r2s1o_T2_C2,1,546,ns
BM_tc_4r2s1o_T2_C2,1,529,ns
BM_tc_4r2s1o_T2_C2,1,524,ns
BM_tc_4r2s1o_T3_C1,1,1205,ns
BM_tc_4r2s1o_T3_C1,1,1101,ns
BM_tc_4r2s1o_T3_C1,1,1102,ns
BM_tc_4r2s1o_T3_C1,1,1061,ns
BM_tc_4r2s1o_T3_C1,1,1078,ns
BM_tc_4r2s1o_T3_C1,1,1094,ns
BM_tc_4r2s1o_T3_C1,1,1045,ns
BM_tc_4r2s1o_T3_C1,1,1106,ns
BM_tc_4r2s1o_T3_C1,1,1071,ns
BM_tc_4r2s1o_T3_C1,1,1087,ns
BM_tc_4r2s1o_T3_C2,1,913,ns
BM_tc_4r2s1o_T3_C2,1,901,ns
BM_tc_4r2s1o_T3_C2,1,591,ns
BM_tc_4r2s1o_T3_C2,1,535,ns
BM_tc_4r2s1o_T3_C2,1,805,ns
BM_tc_4r2s1o_T3_C2,1,788,ns
BM_tc_4r2s1o_T3_C2,1,608,ns
BM_tc_4r2s1o_T3_C2,1,531,ns
BM_tc_4r2s1o_T3_C2,1,629,ns
BM_tc_4r2s1o_T3_C2,1,748,ns
BM_tc_4r2s1o_T3_C3,1,119,ns
BM_tc_4r2s1o_T3_C3,1,62,ns
BM_tc_4r2s1o_T3_C3,1,65,ns
BM_tc_4r2s1o_T3_C3,1,66,ns
BM_tc_4r2s1o_T3_C3,1,57,ns
BM_tc_4r2s1o_T3_C3,1,56,ns
BM_tc_4r2s1o_T3_C3,1,57,ns
BM_tc_4r2s1o_T3_C3,1,70,ns
BM_tc_4r2s1o_T3_C3,1,78,ns
BM_tc_4r2s1o_T3_C3,1,72,ns
BM_tc_4r2s2o_T1_C1,1,4099,ns
BM_tc_4r2s2o_T1_C1,1,3626,ns
BM_tc_4r2s2o_T1_C1,1,3472,ns
BM_tc_4r2s2o_T1_C1,1,3814,ns
BM_tc_4r2s2o_T1_C1,1,3120,ns
BM_tc_4r2s2o_T1_C1,1,3919,ns
BM_tc_4r2s2o_T1_C1,1,3444,ns
BM_tc_4r2s2o_T1_C1,1,3559,ns
BM_tc_4r2s2o_T1_C1,1,3693,ns
BM_tc_4r2s2o_T1_C1,1,3161,ns
BM_tc_4r2s2o_T2_C1,1,1970,ns
BM_tc_4r2s2o_T2_C1,1,1666,ns
BM_tc_4r2s2o_T2_C1,1,1515,ns
BM_tc_4r2s2o_T2_C1,1,1516,ns
BM_tc_4r2s2o_T2_C1,1,1522,ns
BM_tc_4r2s2o_T2_C1,1,1533,ns
BM_tc_4r2s2o_T2_C1,1,1523,ns
BM_tc_4r2s2o_T2_C1,1,1522,ns
BM_tc_4r2s2o_T2_C1,1,1526,ns
BM_tc_4r2s2o_T2_C1,1,1523,ns
BM_tc_4r2s2o_T2_C2,1,401,ns
BM_tc_4r2s2o_T2_C2,1,309,ns
BM_tc_4r2s2o_T2_C2,1,226,ns
BM_tc_4r2s2o_T2_C2,1,224,ns
BM_tc_4r2s2o_T2_C2,1,223,ns
BM_tc_4r2s2o_T2_C2,1,225,ns
BM_tc_4r2s2o_T2_C2,1,225,ns
BM_tc_4r2s2o_T2_C2,1,238,ns
BM_tc_4r2s2o_T2_C2,1,224,ns
BM_tc_4r2s2o_T2_C2,1,262,ns
BM_tc_4r2s2o_T3_C1,1,656,ns
BM_tc_4r2s2o_T3_C1,1,536,ns
BM_tc_4r2s2o_T3_C1,1,524,ns
BM_tc_4r2s2o_T3_C1,1,493,ns
BM_tc_4r2s2o_T3_C1,1,499,ns
BM_tc_4r2s2o_T3_C1,1,500,ns
BM_tc_4r2s2o_T3_C1,1,575,ns
BM_tc_4r2s2o_T3_C1,1,493,ns
BM_tc_4r2s2o_T3_C1,1,511,ns
BM_tc_4r2s2o_T3_C1,1,519,ns
BM_tc_4r2s2o_T3_C2,1,661,ns
BM_tc_4r2s2o_T3_C2,1,389,ns
BM_tc_4r2s2o_T3_C2,1,340,ns
BM_tc_4r2s2o_T3_C2,1,325,ns
BM_tc_4r2s2o_T3_C2,1,450,ns
BM_tc_4r2s2o_T3_C2,1,472,ns
BM_tc_4r2s2o_T3_C2,1,451,ns
BM_tc_4r2s2o_T3_C2,1,296,ns
BM_tc_4r2s2o_T3_C2,1,299,ns
BM_tc_4r2s2o_T3_C2,1,319,ns
BM_tc_4r2s2o_T3_C3,1,83,ns
BM_tc_4r2s2o_T3_C3,1,51,ns
BM_tc_4r2s2o_T3_C3,1,73,ns
BM_tc_4r2s2o_T3_C3,1,73,ns
BM_tc_4r2s2o_T3_C3,1,73,ns
BM_tc_4r2s2o_T3_C3,1,67,ns
BM_tc_4r2s2o_T3_C3,1,56,ns
BM_tc_4r2s2o_T3_C3,1,57,ns
BM_tc_4r2s2o_T3_C3,1,57,ns
BM_tc_4r2s2o_T3_C3,1,68,ns
BM_tc_4r3s1o_T1_C1,1,96547,ns
BM_tc_4r3s1o_T1_C1,1,96382,ns
BM_tc_4r3s1o_T1_C1,1,96354,ns
BM_tc_4r3s1o_T1_C1,1,96337,ns
BM_tc_4r3s1o_T1_C1,1,96117,ns
BM_tc_4r3s1o_T1_C1,1,95921,ns
BM_tc_4r3s1o_T1_C1,1,95961,ns
BM_tc_4r3s1o_T1_C1,1,95921,ns
BM_tc_4r3s1o_T1_C1,1,101405,ns
BM_tc_4r3s1o_T1_C1,1,95256,ns
BM_tc_4r3s1o_T2_C1,1,47872,ns
BM_tc_4r3s1o_T2_C1,1,47900,ns
BM_tc_4r3s1o_T2_C1,1,47737,ns
BM_tc_4r3s1o_T2_C1,1,47722,ns
BM_tc_4r3s1o_T2_C1,1,47652,ns
BM_tc_4r3s1o_T2_C1,1,54101,ns
BM_tc_4r3s1o_T2_C1,1,47680,ns
BM_tc_4r3s1o_T2_C1,1,47700,ns
BM_tc_4r3s1o_T2_C1,1,47673,ns
BM_tc_4r3s1o_T2_C1,1,47715,ns
BM_tc_4r3s1o_T2_C2,1,4879,ns
BM_tc_4r3s1o_T2_C2,1,4836,ns
BM_tc_4r3s1o_T2_C2,1,4704,ns
BM_tc_4r3s1o_T2_C2,1,4704,ns
BM_tc_4r3s1o_T2_C2,1,4715,ns
BM_tc_4r3s1o_T2_C2,1,4705,ns
BM_tc_4r3s1o_T2_C2,1,4692,ns
BM_tc_4r3s1o_T2_C2,1,4734,ns
BM_tc_4r3s1o_T2_C2,1,4704,ns
BM_tc_4r3s1o_T2_C2,1,4725,ns
BM_tc_4r3s1o_T3_C1,1,12552,ns
BM_tc_4r3s1o_T3_C1,1,12318,ns
BM_tc_4r3s1o_T3_C1,1,21185,ns
BM_tc_4r3s1o_T3_C1,1,12455,ns
BM_tc_4r3s1o_T3_C1,1,12353,ns
BM_tc_4r3s1o_T3_C1,1,12349,ns
BM_tc_4r3s1o_T3_C1,1,12304,ns
BM_tc_4r3s1o_T3_C1,1,12349,ns
BM_tc_4r3s1o_T3_C1,1,12356,ns
BM_tc_4r3s1o_T3_C1,1,12264,ns
BM_tc_4r3s1o_T3_C2,1,7137,ns
BM_tc_4r3s1o_T3_C2,1,6839,ns
BM_tc_4r3s1o_T3_C2,1,6716,ns
BM_tc_4r3s1o_T3_C2,1,6790,ns
BM_tc_4r3s1o_T3_C2,1,6935,ns
BM_tc_4r3s1o_T3_C2,1,7062,ns
BM_tc_4r3s1o_T3_C2,1,7273,ns
BM_tc_4r3s1o_T3_C2,1,7118,ns
BM_tc_4r3s1o_T3_C2,1,7064,ns
BM_tc_4r3s1o_T3_C2,1,7101,ns
BM_tc_4r3s1o_T3_C3,1,22837,ns
BM_tc_4r3s1o_T3_C3,1,22784,ns
BM_tc_4r3s1o_T3_C3,1,22607,ns
BM_tc_4r3s1o_T3_C3,1,22974,ns
BM_tc_4r3s1o_T3_C3,1,22632,ns
BM_tc_4r3s1o_T3_C3,1,22774,ns
BM_tc_4r3s1o_T3_C3,1,22887,ns
BM_tc_4r3s1o_T3_C3,1,22682,ns
BM_tc_4r3s1o_T3_C3,1,22707,ns
BM_tc_4r3s1o_T3_C3,1,22946,ns
BM_tc_4r3s2o_T1_C1,1,25280,ns
BM_tc_4r3s2o_T1_C1,1,24898,ns
BM_tc_4r3s2o_T1_C1,1,25208,ns
BM_tc_4r3s2o_T1_C1,1,24710,ns
BM_tc_4r3s2o_T1_C1,1,25262,ns
BM_tc_4r3s2o_T1_C1,1,25072,ns
BM_tc_4r3s2o_T1_C1,1,24886,ns
BM_tc_4r3s2o_T1_C1,1,25093,ns
BM_tc_4r3s2o_T1_C1,1,24749,ns
BM_tc_4r3s2o_T1_C1,1,24905,ns
BM_tc_4r3s2o_T2_C1,1,15386,ns
BM_tc_4r3s2o_T2_C1,1,15318,ns
BM_tc_4r3s2o_T2_C1,1,15227,ns
BM_tc_4r3s2o_T2_C1,1,15208,ns
BM_tc_4r3s2o_T2_C1,1,15214,ns
BM_tc_4r3s2o_T2_C1,1,15207,ns
BM_tc_4r3s2o_T2_C1,1,15200,ns
BM_tc_4r3s2o_T2_C1,1,15201,ns
BM_tc_4r3s2o_T2_C1,1,15230,ns
BM_tc_4r3s2o_T2_C1,1,15205,ns
BM_tc_4r3s2o_T2_C2,1,1666,ns
BM_tc_4r3s2o_T2_C2,1,1658,ns
BM_tc_4r3s2o_T2_C2,1,1589,ns
BM_tc_4r3s2o_T2_C2,1,1552,ns
BM_tc_4r3s2o_T2_C2,1,1546,ns
BM_tc_4r3s2o_T2_C2,1,1570,ns
BM_tc_4r3s2o_T2_C2,1,1540,ns
BM_tc_4r3s2o_T2_C2,1,1546,ns
BM_tc_4r3s2o_T2_C2,1,1541,ns
BM_tc_4r3s2o_T2_C2,1,1544,ns
BM_tc_4r3s2o_T3_C1,1,4324,ns
BM_tc_4r3s2o_T3_C1,1,4283,ns
BM_tc_4r3s2o_T3_C1,1,4388,ns
BM_tc_4r3s2o_T3_C1,1,4164,ns
BM_tc_4r3s2o_T3_C1,1,4217,ns
BM_tc_4r3s2o_T3_C1,1,4367,ns
BM_tc_4r3s2o_T3_C1,1,4351,ns
BM_tc_4r3s2o_T3_C1,1,4246,ns
BM_tc_4r3s2o_T3_C1,1,4168,ns
BM_tc_4r3s2o_T3_C1,1,4359,ns
BM_tc_4r3s2o_T3_C2,1,2330,ns
BM_tc_4r3s2o_T3_C2,1,2902,ns
BM_tc_4r3s2o_T3_C2,1,1991,ns
BM_tc_4r3s2o_T3_C2,1,2877,ns
BM_tc_4r3s2o_T3_C2,1,1945,ns
BM_tc_4r3s2o_T3_C2,1,2928,ns
BM_tc_4r3s2o_T3_C2,1,2103,ns
BM_tc_4r3s2o_T3_C2,1,2635,ns
BM_tc_4r3s2o_T3_C2,1,2465,ns
BM_tc_4r3s2o_T3_C2,1,2421,ns
BM_tc_4r3s2o_T3_C3,1,1678,ns
BM_tc_4r3s2o_T3_C3,1,1503,ns
BM_tc_4r3s2o_T3_C3,1,1275,ns
BM_tc_4r3s2o_T3_C3,1,1434,ns
BM_tc_4r3s2o_T3_C3,1,1469,ns
BM_tc_4r3s2o_T3_C3,1,1262,ns
BM_tc_4r3s2o_T3_C3,1,1333,ns
BM_tc_4r3s2o_T3_C3,1,1409,ns
BM_tc_4r3s2o_T3_C3,1,1351,ns
BM_tc_4r3s2o_T3_C3,1,1258,ns
BM_tc_4r4s1o_T1_C1,1,563580,ns
BM_tc_4r4s1o_T1_C1,1,449595,ns
BM_tc_4r4s1o_T1_C1,1,453270,ns
BM_tc_4r4s1o_T1_C1,1,444666,ns
BM_tc_4r4s1o_T1_C1,1,521128,ns
BM_tc_4r4s1o_T1_C1,1,452868,ns
BM_tc_4r4s1o_T1_C1,1,448574,ns
BM_tc_4r4s1o_T1_C1,1,447341,ns
BM_tc_4r4s1o_T1_C1,1,466744,ns
BM_tc_4r4s1o_T1_C1,1,443388,ns
BM_tc_4r4s1o_T2_C1,1,341131,ns
BM_tc_4r4s1o_T2_C1,1,346865,ns
BM_tc_4r4s1o_T2_C1,1,340615,ns
BM_tc_4r4s1o_T2_C1,1,364340,ns
BM_tc_4r4s1o_T2_C1,1,349737,ns
BM_tc_4r4s1o_T2_C1,1,349382,ns
BM_tc_4r4s1o_T2_C1,1,357504,ns
BM_tc_4r4s1o_T2_C1,1,349358,ns
BM_tc_4r4s1o_T2_C1,1,349493,ns
BM_tc_4r4s1o_T2_C1,1,354784,ns
BM_tc_4r4s1o_T2_C2,1,42436,ns
BM_tc_4r4s1o_T2_C2,1,42405,ns
BM_tc_4r4s1o_T2_C2,1,43166,ns
BM_tc_4r4s1o_T2_C2,1,42826,ns
BM_tc_4r4s1o_T2_C2,1,41844,ns
BM_tc_4r4s1o_T2_C2,1,42368,ns
BM_tc_4r4s1o_T2_C2,1,43094,ns
BM_tc_4r4s1o_T2_C2,1,41948,ns
BM_tc_4r4s1o_T2_C2,1,42414,ns
BM_tc_4r4s1o_T2_C2,1,43226,ns
BM_tc_4r4s1o_T3_C1,1,77914,ns
BM_tc_4r4s1o_T3_C1,1,77928,ns
BM_tc_4r4s1o_T3_C1,1,77669,ns
BM_tc_4r4s1o_T3_C1,1,77674,ns
BM_tc_4r4s1o_T3_C1,1,77790,ns
BM_tc_4r4s1o_T3_C1,1,77731,ns
BM_tc_4r4s1o_T3_C1,1,84916,ns
BM_tc_4r4s1o_T3_C1,1,77760,ns
BM_tc_4r4s1o_T3_C1,1,77688,ns
BM_tc_4r4s1o_T3_C1,1,77661,ns
BM_tc_4r4s1o_T3_C2,1,44437,ns
BM_tc_4r4s1o_T3_C2,1,27289,ns
BM_tc_4r4s1o_T3_C2,1,27340,ns
BM_tc_4r4s1o_T3_C2,1,27032,ns
BM_tc_4r4s1o_T3_C2,1,27037,ns
BM_tc_4r4s1o_T3_C2,1,27034,ns
BM_tc_4r4s1o_T3_C2,1,27009,ns
BM_tc_4r4s1o_T3_C2,1,27006,ns
BM_tc_4r4s1o_T3_C2,1,27016,ns
BM_tc_4r4s1o_T3_C2,1,27010,ns
BM_tc_4r4s1o_T3_C3,1,1006,ns
BM_tc_4r4s1o_T3_C3,1,946,ns
BM_tc_4r4s1o_T3_C3,1,935,ns
BM_tc_4r4s1o_T3_C3,1,922,ns
BM_tc_4r4s1o_T3_C3,1,930,ns
BM_tc_4r4s1o_T3_C3,1,930,ns
BM_tc_4r4s1o_T3_C3,1,935,ns
BM_tc_4r4s1o_T3_C3,1,933,ns
BM_tc_4r4s1o_T3_C3,1,913,ns
BM_tc_4r4s1o_T3_C3,1,933,ns
BM_tc_4r4s2o_T1_C1,1,124543,ns
BM_tc_4r4s2o_T1_C1,1,124544,ns
BM_tc_4r4s2o_T1_C1,1,124200,ns
BM_tc_4r4s2o_T1_C1,1,153563,ns
BM_tc_4r4s2o_T1_C1,1,124747,ns
BM_tc_4r4s2o_T1_C1,1,124053,ns
BM_tc_4r4s2o_T1_C1,1,124388,ns
BM_tc_4r4s2o_T1_C1,1,124307,ns
BM_tc_4r4s2o_T1_C1,1,124016,ns
BM_tc_4r4s2o_T1_C1,1,124583,ns
BM_tc_4r4s2o_T2_C1,1,87559,ns
BM_tc_4r4s2o_T2_C1,1,88031,ns
BM_tc_4r4s2o_T2_C1,1,87339,ns
BM_tc_4r4s2o_T2_C1,1,87384,ns
BM_tc_4r4s2o_T2_C1,1,87289,ns
BM_tc_4r4s2o_T2_C1,1,87274,ns
BM_tc_4r4s2o_T2_C1,1,87375,ns
BM_tc_4r4s2o_T2_C1,1,87453,ns
BM_tc_4r4s2o_T2_C1,1,87441,ns
BM_tc_4r4s2o_T2_C1,1,87335,ns
BM_tc_4r4s2o_T2_C2,1,7265,ns
BM_tc_4r4s2o_T2_C2,1,7183,ns
BM_tc_4r4s2o_T2_C2,1,7178,ns
BM_tc_4r4s2o_T2_C2,1,7172,ns
BM_tc_4r4s2o_T2_C2,1,7105,ns
BM_tc_4r4s2o_T2_C2,1,7138,ns
BM_tc_4r4s2o_T2_C2,1,7143,ns
BM_tc_4r4s2o_T2_C2,1,7162,ns
BM_tc_4r4s2o_T2_C2,1,7162,ns
BM_tc_4r4s2o_T2_C2,1,7142,ns
BM_tc_4r4s2o_T3_C1,1,19705,ns
BM_tc_4r4s2o_T3_C1,1,19631,ns
BM_tc_4r4s2o_T3_C1,1,19518,ns
BM_tc_4r4s2o_T3_C1,1,19667,ns
BM_tc_4r4s2o_T3_C1,1,19687,ns
BM_tc_4r4s2o_T3_C1,1,19472,ns
BM_tc_4r4s2o_T3_C1,1,19721,ns
BM_tc_4r4s2o_T3_C1,1,19426,ns
BM_tc_4r4s2o_T3_C1,1,19463,ns
BM_tc_4r4s2o_T3_C1,1,26345,ns
BM_tc_4r4s2o_T3_C2,1,7043,ns
BM_tc_4r4s2o_T3_C2,1,7082,ns
BM_tc_4r4s2o_T3_C2,1,7012,ns
BM_tc_4r4s2o_T3_C2,1,6928,ns
BM_tc_4r4s2o_T3_C2,1,6916,ns
BM_tc_4r4s2o_T3_C2,1,6934,ns
BM_tc_4r4s2o_T3_C2,1,7003,ns
BM_tc_4r4s2o_T3_C2,1,6995,ns
BM_tc_4r4s2o_T3_C2,1,6965,ns
BM_tc_4r4s2o_T3_C2,1,6944,ns
BM_tc_4r4s2o_T3_C3,1,858,ns
BM_tc_4r4s2o_T3_C3,1,696,ns
BM_tc_4r4s2o_T3_C3,1,621,ns
BM_tc_4r4s2o_T3_C3,1,669,ns
BM_tc_4r4s2o_T3_C3,1,657,ns
BM_tc_4r4s2o_T3_C3,1,667,ns
BM_tc_4r4s2o_T3_C3,1,615,ns
BM_tc_4r4s2o_T3_C3,1,623,ns
BM_tc_4r4s2o_T3_C3,1,664,ns
BM_tc_4r4s2o_T3_C3,1,655,ns
BM_tc_4r7s1o_T1_C1,1,20790142,ns
BM_tc_4r7s1o_T1_C1,1,21418905,ns
BM_tc_4r7s1o_T1_C1,1,20592911,ns
BM_tc_4r7s1o_T1_C1,1,20547660,ns
BM_tc_4r7s1o_T1_C1,1,20538916,ns
BM_tc_4r7s1o_T1_C1,1,20542230,ns
BM_tc_4r7s1o_T1_C1,1,20558497,ns
BM_tc_4r7s1o_T1_C1,1,20538751,ns
BM_tc_4r7s1o_T1_C1,1,20534840,ns
BM_tc_4r7s1o_T1_C1,1,20539483,ns
BM_tc_4r7s1o_T2_C1,1,16495664,ns
BM_tc_4r7s1o_T2_C1,1,16496411,ns
BM_tc_4r7s1o_T2_C1,1,16496359,ns
BM_tc_4r7s1o_T2_C1,1,16493516,ns
BM_tc_4r7s1o_T2_C1,1,16530451,ns
BM_tc_4r7s1o_T2_C1,1,16510218,ns
BM_tc_4r7s1o_T2_C1,1,16558432,ns
BM_tc_4r7s1o_T2_C1,1,16574028,ns
BM_tc_4r7s1o_T2_C1,1,16816195,ns
BM_tc_4r7s1o_T2_C1,1,16622076,ns
BM_tc_4r7s1o_T2_C2,1,1730372,ns
BM_tc_4r7s1o_T2_C2,1,1874080,ns
BM_tc_4r7s1o_T2_C2,1,2114182,ns
BM_tc_4r7s1o_T2_C2,1,2074335,ns
BM_tc_4r7s1o_T2_C2,1,2077930,ns
BM_tc_4r7s1o_T2_C2,1,2073543,ns
BM_tc_4r7s1o_T2_C2,1,2038165,ns
BM_tc_4r7s1o_T2_C2,1,2074271,ns
BM_tc_4r7s1o_T2_C2,1,2076746,ns
BM_tc_4r7s1o_T2_C2,1,2078887,ns
BM_tc_4r7s1o_T3_C1,1,5554484,ns
BM_tc_4r7s1o_T3_C1,1,5514655,ns
BM_tc_4r7s1o_T3_C1,1,5560122,ns
BM_tc_4r7s1o_T3_C1,1,5566398,ns
BM_tc_4r7s1o_T3_C1,1,5595719,ns
BM_tc_4r7s1o_T3_C1,1,5451023,ns
BM_tc_4r7s1o_T3_C1,1,5485547,ns
BM_tc_4r7s1o_T3_C1,1,5485733,ns
BM_tc_4r7s1o_T3_C1,1,5521211,ns
BM_tc_4r7s1o_T3_C1,1,5480375,ns
BM_tc_4r7s1o_T3_C2,1,2420326,ns
BM_tc_4r7s1o_T3_C2,1,2417112,ns
BM_tc_4r7s1o_T3_C2,1,2355071,ns
BM_tc_4r7s1o_T3_C2,1,2338315,ns
BM_tc_4r7s1o_T3_C2,1,2336112,ns
BM_tc_4r7s1o_T3_C2,1,2199811,ns
BM_tc_4r7s1o_T3_C2,1,2209066,ns
BM_tc_4r7s1o_T3_C2,1,2200902,ns
BM_tc_4r7s1o_T3_C2,1,2211979,ns
BM_tc_4r7s1o_T3_C2,1,2255664,ns
BM_tc_4r7s1o_T3_C3,1,152150,ns
BM_tc_4r7s1o_T3_C3,1,158618,ns
BM_tc_4r7s1o_T3_C3,1,151327,ns
BM_tc_4r7s1o_T3_C3,1,150120,ns
BM_tc_4r7s1o_T3_C3,1,155825,ns
BM_tc_4r7s1o_T3_C3,1,151541,ns
BM_tc_4r7s1o_T3_C3,1,155720,ns
BM_tc_4r7s1o_T3_C3,1,159054,ns
BM_tc_4r7s1o_T3_C3,1,155655,ns
BM_tc_4r7s1o_T3_C3,1,172263,ns
BM_tc_4r8s1o_T1_C1,1,75076983,ns
BM_tc_4r8s1o_T1_C1,1,74953779,ns
BM_tc_4r8s1o_T1_C1,1,74682314,ns
BM_tc_4r8s1o_T1_C1,1,74551473,ns
BM_tc_4r8s1o_T1_C1,1,75003276,ns
BM_tc_4r8s1o_T1_C1,1,75168697,ns
BM_tc_4r8s1o_T1_C1,1,58813709,ns
BM_tc_4r8s1o_T1_C1,1,51776658,ns
BM_tc_4r8s1o_T1_C1,1,51635936,ns
BM_tc_4r8s1o_T1_C1,1,51634121,ns
BM_tc_4r8s1o_T2_C1,1,41695834,ns
BM_tc_4r8s1o_T2_C1,1,41665705,ns
BM_tc_4r8s1o_T2_C1,1,41719164,ns
BM_tc_4r8s1o_T2_C1,1,41688537,ns
BM_tc_4r8s1o_T2_C1,1,41661130,ns
BM_tc_4r8s1o_T2_C1,1,41707089,ns
BM_tc_4r8s1o_T2_C1,1,41661724,ns
BM_tc_4r8s1o_T2_C1,1,41707764,ns
BM_tc_4r8s1o_T2_C1,1,41843550,ns
BM_tc_4r8s1o_T2_C1,1,41690353,ns
BM_tc_4r8s1o_T2_C2,1,2686252,ns
BM_tc_4r8s1o_T2_C2,1,3817219,ns
BM_tc_4r8s1o_T2_C2,1,2625153,ns
BM_tc_4r8s1o_T2_C2,1,2606152,ns
BM_tc_4r8s1o_T2_C2,1,2609749,ns
BM_tc_4r8s1o_T2_C2,1,2609094,ns
BM_tc_4r8s1o_T2_C2,1,2604775,ns
BM_tc_4r8s1o_T2_C2,1,2608745,ns
BM_tc_4r8s1o_T2_C2,1,2629384,ns
BM_tc_4r8s1o_T2_C2,1,2609419,ns
BM_tc_4r8s1o_T3_C1,1,7890636,ns
BM_tc_4r8s1o_T3_C1,1,7910770,ns
BM_tc_4r8s1o_T3_C1,1,7886830,ns
BM_tc_4r8s1o_T3_C1,1,7887961,ns
BM_tc_4r8s1o_T3_C1,1,7886163,ns
BM_tc_4r8s1o_T3_C1,1,7888494,ns
BM_tc_4r8s1o_T3_C1,1,7887720,ns
BM_tc_4r8s1o_T3_C1,1,7882181,ns
BM_tc_4r8s1o_T3_C1,1,7883441,ns
BM_tc_4r8s1o_T3_C1,1,7883730,ns
BM_tc_4r8s1o_T3_C2,1,2615975,ns
BM_tc_4r8s1o_T3_C2,1,3421074,ns
BM_tc_4r8s1o_T3_C2,1,2544162,ns
BM_tc_4r8s1o_T3_C2,1,2582387,ns
BM_tc_4r8s1o_T3_C2,1,2624676,ns
BM_tc_4r8s1o_T3_C2,1,2595945,ns
BM_tc_4r8s1o_T3_C2,1,2819030,ns
BM_tc_4r8s1o_T3_C2,1,3722455,ns
BM_tc_4r8s1o_T3_C2,1,2541560,ns
BM_tc_4r8s1o_T3_C2,1,2543802,ns
BM_tc_4r8s1o_T3_C3,1,102731,ns
BM_tc_4r8s1o_T3_C3,1,109569,ns
BM_tc_4r8s1o_T3_C3,1,102635,ns
BM_tc_4r8s1o_T3_C3,1,102715,ns
BM_tc_4r8s1o_T3_C3,1,102538,ns
BM_tc_4r8s1o_T3_C3,1,102705,ns
BM_tc_4r8s1o_T3_C3,1,102718,ns
BM_tc_4r8s1o_T3_C3,1,108243,ns
BM_tc_4r8s1o_T3_C3,1,102638,ns
BM_tc_4r8s1o_T3_C3,1,102533,ns
BM_tc_4r8s2o_T1_C1,1,7279778,ns
BM_tc_4r8s2o_T1_C1,1,6253837,ns
BM_tc_4r8s2o_T1_C1,1,7225016,ns
BM_tc_4r8s2o_T1_C1,1,6571955,ns
BM_tc_4r8s2o_T1_C1,1,6166063,ns
BM_tc_4r8s2o_T1_C1,1,6166142,ns
BM_tc_4r8s2o_T1_C1,1,6189842,ns
BM_tc_4r8s2o_T1_C1,1,6163906,ns
BM_tc_4r8s2o_T1_C1,1,6158446,ns
BM_tc_4r8s2o_T1_C1,1,6164798,ns
BM_tc_4r8s2o_T2_C1,1,5550431,ns
BM_tc_4r8s2o_T2_C1,1,5557609,ns
BM_tc_4r8s2o_T2_C1,1,5329950,ns
BM_tc_4r8s2o_T2_C1,1,5255121,ns
BM_tc_4r8s2o_T2_C1,1,5250880,ns
BM_tc_4r8s2o_T2_C1,1,5278478,ns
BM_tc_4r8s2o_T2_C1,1,5251907,ns
BM_tc_4r8s2o_T2_C1,1,5254051,ns
BM_tc_4r8s2o_T2_C1,1,5253968,ns
BM_tc_4r8s2o_T2_C1,1,5252265,ns
BM_tc_4r8s2o_T2_C2,1,385260,ns
BM_tc_4r8s2o_T2_C2,1,377689,ns
BM_tc_4r8s2o_T2_C2,1,397738,ns
BM_tc_4r8s2o_T2_C2,1,379817,ns
BM_tc_4r8s2o_T2_C2,1,373917,ns
BM_tc_4r8s2o_T2_C2,1,378376,ns
BM_tc_4r8s2o_T2_C2,1,389690,ns
BM_tc_4r8s2o_T2_C2,1,385511,ns
BM_tc_4r8s2o_T2_C2,1,378833,ns
BM_tc_4r8s2o_T2_C2,1,373734,ns
BM_tc_4r8s2o_T3_C1,1,2378271,ns
BM_tc_4r8s2o_T3_C1,1,2163422,ns
BM_tc_4r8s2o_T3_C1,1,2165263,ns
BM_tc_4r8s2o_T3_C1,1,2158885,ns
BM_tc_4r8s2o_T3_C1,1,2179797,ns
BM_tc_4r8s2o_T3_C1,1,1842333,ns
BM_tc_4r8s2o_T3_C1,1,1470269,ns
BM_tc_4r8s2o_T3_C1,1,1430704,ns
BM_tc_4r8s2o_T3_C1,1,1485102,ns
BM_tc_4r8s2o_T3_C1,1,1425353,ns
BM_tc_4r8s2o_T3_C2,1,592090,ns
BM_tc_4r8s2o_T3_C2,1,567041,ns
BM_tc_4r8s2o_T3_C2,1,575651,ns
BM_tc_4r8s2o_T3_C2,1,568760,ns
BM_tc_4r8s2o_T3_C2,1,561066,ns
BM_tc_4r8s2o_T3_C2,1,796442,ns
BM_tc_4r8s2o_T3_C2,1,567893,ns
BM_tc_4r8s2o_T3_C2,1,561601,ns
BM_tc_4r8s2o_T3_C2,1,577505,ns
BM_tc_4r8s2o_T3_C2,1,571046,ns
BM_tc_4r8s2o_T3_C3,1,15460,ns
BM_tc_4r8s2o_T3_C3,1,15581,ns
BM_tc_4r8s2o_T3_C3,1,15212,ns
BM_tc_4r8s2o_T3_C3,1,15267,ns
BM_tc_4r8s2o_T3_C3,1,15257,ns
BM_tc_4r8s2o_T3_C3,1,15278,ns
BM_tc_4r8s2o_T3_C3,1,15229,ns
BM_tc_4r8s2o_T3_C3,1,15284,ns
BM_tc_4r8s2o_T3_C3,1,15263,ns
BM_tc_4r8s2o_T3_C3,1,15304,ns
BM_tc_5r2s2o_T1_C1,1,7986,ns
BM_tc_5r2s2o_T1_C1,1,7976,ns
BM_tc_5r2s2o_T1_C1,1,7885,ns
BM_tc_5r2s2o_T1_C1,1,7867,ns
BM_tc_5r2s2o_T1_C1,1,7898,ns
BM_tc_5r2s2o_T1_C1,1,7848,ns
BM_tc_5r2s2o_T1_C1,1,7851,ns
BM_tc_5r2s2o_T1_C1,1,15799,ns
BM_tc_5r2s2o_T1_C1,1,7924,ns
BM_tc_5r2s2o_T1_C1,1,7864,ns
BM_tc_5r2s2o_T2_C1,1,7113,ns
BM_tc_5r2s2o_T2_C1,1,7026,ns
BM_tc_5r2s2o_T2_C1,1,6975,ns
BM_tc_5r2s2o_T2_C1,1,6962,ns
BM_tc_5r2s2o_T2_C1,1,6937,ns
BM_tc_5r2s2o_T2_C1,1,6898,ns
BM_tc_5r2s2o_T2_C1,1,6917,ns
BM_tc_5r2s2o_T2_C1,1,6900,ns
BM_tc_5r2s2o_T2_C1,1,6941,ns
BM_tc_5r2s2o_T2_C1,1,6945,ns
BM_tc_5r2s2o_T2_C2,1,1407,ns
BM_tc_5r2s2o_T2_C2,1,1319,ns
BM_tc_5r2s2o_T2_C2,1,1744,ns
BM_tc_5r2s2o_T2_C2,1,1639,ns
BM_tc_5r2s2o_T2_C2,1,1273,ns
BM_tc_5r2s2o_T2_C2,1,1722,ns
BM_tc_5r2s2o_T2_C2,1,1654,ns
BM_tc_5r2s2o_T2_C2,1,1272,ns
BM_tc_5r2s2o_T2_C2,1,1720,ns
BM_tc_5r2s2o_T2_C2,1,1752,ns
BM_tc_5r2s2o_T3_C1,1,3829,ns
BM_tc_5r2s2o_T3_C1,1,3763,ns
BM_tc_5r2s2o_T3_C1,1,3441,ns
BM_tc_5r2s2o_T3_C1,1,4124,ns
BM_tc_5r2s2o_T3_C1,1,3270,ns
BM_tc_5r2s2o_T3_C1,1,3874,ns
BM_tc_5r2s2o_T3_C1,1,3781,ns
BM_tc_5r2s2o_T3_C1,1,3328,ns
BM_tc_5r2s2o_T3_C1,1,4078,ns
BM_tc_5r2s2o_T3_C1,1,3495,ns
BM_tc_5r2s2o_T3_C2,1,949,ns
BM_tc_5r2s2o_T3_C2,1,852,ns
BM_tc_5r2s2o_T3_C2,1,745,ns
BM_tc_5r2s2o_T3_C2,1,731,ns
BM_tc_5r2s2o_T3_C2,1,734,ns
BM_tc_5r2s2o_T3_C2,1,728,ns
BM_tc_5r2s2o_T3_C2,1,766,ns
BM_tc_5r2s2o_T3_C2,1,737,ns
BM_tc_5r2s2o_T3_C2,1,730,ns
BM_tc_5r2s2o_T3_C2,1,732,ns
BM_tc_5r2s2o_T3_C3,1,66,ns
BM_tc_5r2s2o_T3_C3,1,29,ns
BM_tc_5r2s2o_T3_C3,1,24,ns
BM_tc_5r2s2o_T3_C3,1,23,ns
BM_tc_5r2s2o_T3_C3,1,23,ns
BM_tc_5r2s2o_T3_C3,1,22,ns
BM_tc_5r2s2o_T3_C3,1,23,ns
BM_tc_5r2s2o_T3_C3,1,23,ns
BM_tc_5r2s2o_T3_C3,1,24,ns
BM_tc_5r2s2o_T3_C3,1,23,ns
BM_tc_5r3s2o_T1_C1,1,175040,ns
BM_tc_5r3s2o_T1_C1,1,182925,ns
BM_tc_5r3s2o_T1_C1,1,174884,ns
BM_tc_5r3s2o_T1_C1,1,175096,ns
BM_tc_5r3s2o_T1_C1,1,175115,ns
BM_tc_5r3s2o_T1_C1,1,174717,ns
BM_tc_5r3s2o_T1_C1,1,202556,ns
BM_tc_5r3s2o_T1_C1,1,175190,ns
BM_tc_5r3s2o_T1_C1,1,175011,ns
BM_tc_5r3s2o_T1_C1,1,213585,ns
BM_tc_5r3s2o_T2_C1,1,148356,ns
BM_tc_5r3s2o_T2_C1,1,194679,ns
BM_tc_5r3s2o_T2_C1,1,148472,ns
BM_tc_5r3s2o_T2_C1,1,148085,ns
BM_tc_5r3s2o_T2_C1,1,147995,ns
BM_tc_5r3s2o_T2_C1,1,148050,ns
BM_tc_5r3s2o_T2_C1,1,148300,ns
BM_tc_5r3s2o_T2_C1,1,155111,ns
BM_tc_5r3s2o_T2_C1,1,148343,ns
BM_tc_5r3s2o_T2_C1,1,148360,ns
BM_tc_5r3s2o_T2_C2,1,22313,ns
BM_tc_5r3s2o_T2_C2,1,22105,ns
BM_tc_5r3s2o_T2_C2,1,22332,ns
BM_tc_5r3s2o_T2_C2,1,22022,ns
BM_tc_5r3s2o_T2_C2,1,22044,ns
BM_tc_5r3s2o_T2_C2,1,22368,ns
BM_tc_5r3s2o_T2_C2,1,22088,ns
BM_tc_5r3s2o_T2_C2,1,21919,ns
BM_tc_5r3s2o_T2_C2,1,22059,ns
BM_tc_5r3s2o_T2_C2,1,21989,ns
BM_tc_5r3s2o_T3_C1,1,46259,ns
BM_tc_5r3s2o_T3_C1,1,46543,ns
BM_tc_5r3s2o_T3_C1,1,46117,ns
BM_tc_5r3s2o_T3_C1,1,46101,ns
BM_tc_5r3s2o_T3_C1,1,46318,ns
BM_tc_5r3s2o_T3_C1,1,45661,ns
BM_tc_5r3s2o_T3_C1,1,45639,ns
BM_tc_5r3s2o_T3_C1,1,46308,ns
BM_tc_5r3s2o_T3_C1,1,45600,ns
BM_tc_5r3s2o_T3_C1,1,45333,ns
BM_tc_5r3s2o_T3_C2,1,12959,ns
BM_tc_5r3s2o_T3_C2,1,12876,ns
BM_tc_5r3s2o_T3_C2,1,12855,ns
BM_tc_5r3s2o_T3_C2,1,12833,ns
BM_tc_5r3s2o_T3_C2,1,12824,ns
BM_tc_5r3s2o_T3_C2,1,12872,ns
BM_tc_5r3s2o_T3_C2,1,12835,ns
BM_tc_5r3s2o_T3_C2,1,21217,ns
BM_tc_5r3s2o_T3_C2,1,12841,ns
BM_tc_5r3s2o_T3_C2,1,12853,ns
BM_tc_5r3s2o_T3_C3,1,1808,ns
BM_tc_5r3s2o_T3_C3,1,1561,ns
BM_tc_5r3s2o_T3_C3,1,1463,ns
BM_tc_5r3s2o_T3_C3,1,1448,ns
BM_tc_5r3s2o_T3_C3,1,1446,ns
BM_tc_5r3s2o_T3_C3,1,1449,ns
BM_tc_5r3s2o_T3_C3,1,1445,ns
BM_tc_5r3s2o_T3_C3,1,1447,ns
BM_tc_5r3s2o_T3_C3,1,1447,ns
BM_tc_5r3s2o_T3_C3,1,1443,ns
BM_tc_5r4s2o_T1_C1,1,2142961,ns
BM_tc_5r4s2o_T1_C1,1,1961598,ns
BM_tc_5r4s2o_T1_C1,1,1696110,ns
BM_tc_5r4s2o_T1_C1,1,1743272,ns
BM_tc_5r4s2o_T1_C1,1,1664867,ns
BM_tc_5r4s2o_T1_C1,1,2071332,ns
BM_tc_5r4s2o_T1_C1,1,2157108,ns
BM_tc_5r4s2o_T1_C1,1,2144551,ns
BM_tc_5r4s2o_T1_C1,1,2147878,ns
BM_tc_5r4s2o_T1_C1,1,2138155,ns
BM_tc_5r4s2o_T2_C1,1,1392312,ns
BM_tc_5r4s2o_T2_C1,1,1468182,ns
BM_tc_5r4s2o_T2_C1,1,1474997,ns
BM_tc_5r4s2o_T2_C1,1,1446002,ns
BM_tc_5r4s2o_T2_C1,1,1457910,ns
BM_tc_5r4s2o_T2_C1,1,1450980,ns
BM_tc_5r4s2o_T2_C1,1,1453964,ns
BM_tc_5r4s2o_T2_C1,1,1451993,ns
BM_tc_5r4s2o_T2_C1,1,1416936,ns
BM_tc_5r4s2o_T2_C1,1,1394881,ns
BM_tc_5r4s2o_T2_C2,1,109741,ns
BM_tc_5r4s2o_T2_C2,1,109706,ns
BM_tc_5r4s2o_T2_C2,1,109527,ns
BM_tc_5r4s2o_T2_C2,1,109430,ns
BM_tc_5r4s2o_T2_C2,1,117714,ns
BM_tc_5r4s2o_T2_C2,1,109501,ns
BM_tc_5r4s2o_T2_C2,1,113749,ns
BM_tc_5r4s2o_T2_C2,1,183840,ns
BM_tc_5r4s2o_T2_C2,1,178970,ns
BM_tc_5r4s2o_T2_C2,1,178650,ns
BM_tc_5r4s2o_T3_C1,1,573002,ns
BM_tc_5r4s2o_T3_C1,1,579377,ns
BM_tc_5r4s2o_T3_C1,1,571253,ns
BM_tc_5r4s2o_T3_C1,1,578787,ns
BM_tc_5r4s2o_T3_C1,1,578019,ns
BM_tc_5r4s2o_T3_C1,1,577640,ns
BM_tc_5r4s2o_T3_C1,1,600345,ns
BM_tc_5r4s2o_T3_C1,1,570220,ns
BM_tc_5r4s2o_T3_C1,1,434822,ns
BM_tc_5r4s2o_T3_C1,1,377287,ns
BM_tc_5r4s2o_T3_C2,1,107405,ns
BM_tc_5r4s2o_T3_C2,1,107351,ns
BM_tc_5r4s2o_T3_C2,1,107272,ns
BM_tc_5r4s2o_T3_C2,1,130611,ns
BM_tc_5r4s2o_T3_C2,1,107278,ns
BM_tc_5r4s2o_T3_C2,1,107256,ns
BM_tc_5r4s2o_T3_C2,1,107246,ns
BM_tc_5r4s2o_T3_C2,1,161670,ns
BM_tc_5r4s2o_T3_C2,1,107219,ns
BM_tc_5r4s2o_T3_C2,1,107288,ns
BM_tc_5r4s2o_T3_C3,1,5466,ns
BM_tc_5r4s2o_T3_C3,1,5334,ns
BM_tc_5r4s2o_T3_C3,1,5254,ns
BM_tc_5r4s2o_T3_C3,1,5226,ns
BM_tc_5r4s2o_T3_C3,1,5206,ns
BM_tc_5r4s2o_T3_C3,1,5207,ns
BM_tc_5r4s2o_T3_C3,1,5229,ns
BM_tc_5r4s2o_T3_C3,1,5222,ns
BM_tc_5r4s2o_T3_C3,1,5220,ns
BM_tc_5r4s2o_T3_C3,1,5221,ns
BM_tc_5r7s2o_T1_C1,1,143780396,ns
BM_tc_5r7s2o_T1_C1,1,146296055,ns
BM_tc_5r7s2o_T1_C1,1,145694115,ns
BM_tc_5r7s2o_T1_C1,1,144061773,ns
BM_tc_5r7s2o_T1_C1,1,143933259,ns
BM_tc_5r7s2o_T1_C1,1,143895939,ns
BM_tc_5r7s2o_T1_C1,1,144099140,ns
BM_tc_5r7s2o_T1_C1,1,143986712,ns
BM_tc_5r7s2o_T1_C1,1,146963592,ns
BM_tc_5r7s2o_T1_C1,1,145065621,ns
BM_tc_5r7s2o_T2_C1,1,120287616,ns
BM_tc_5r7s2o_T2_C1,1,120816030,ns
BM_tc_5r7s2o_T2_C1,1,120295763,ns
BM_tc_5r7s2o_T2_C1,1,120231066,ns
BM_tc_5r7s2o_T2_C1,1,120251640,ns
BM_tc_5r7s2o_T2_C1,1,123138477,ns
BM_tc_5r7s2o_T2_C1,1,120730407,ns
BM_tc_5r7s2o_T2_C1,1,120236984,ns
BM_tc_5r7s2o_T2_C1,1,120260664,ns
BM_tc_5r7s2o_T2_C1,1,120292030,ns
BM_tc_5r7s2o_T2_C2,1,8687804,ns
BM_tc_5r7s2o_T2_C2,1,8711072,ns
BM_tc_5r7s2o_T2_C2,1,8687776,ns
BM_tc_5r7s2o_T2_C2,1,8681359,ns
BM_tc_5r7s2o_T2_C2,1,8682748,ns
BM_tc_5r7s2o_T2_C2,1,8685993,ns
BM_tc_5r7s2o_T2_C2,1,8686509,ns
BM_tc_5r7s2o_T2_C2,1,8678130,ns
BM_tc_5r7s2o_T2_C2,1,8685432,ns
BM_tc_5r7s2o_T2_C2,1,8681267,ns
BM_tc_5r7s2o_T3_C1,1,32785321,ns
BM_tc_5r7s2o_T3_C1,1,32934422,ns
BM_tc_5r7s2o_T3_C1,1,32795652,ns
BM_tc_5r7s2o_T3_C1,1,32790727,ns
BM_tc_5r7s2o_T3_C1,1,32806809,ns
BM_tc_5r7s2o_T3_C1,1,32790196,ns
BM_tc_5r7s2o_T3_C1,1,32778452,ns
BM_tc_5r7s2o_T3_C1,1,32808436,ns
BM_tc_5r7s2o_T3_C1,1,32777936,ns
BM_tc_5r7s2o_T3_C1,1,34562582,ns
BM_tc_5r7s2o_T3_C2,1,8570645,ns
BM_tc_5r7s2o_T3_C2,1,8725259,ns
BM_tc_5r7s2o_T3_C2,1,11435034,ns
BM_tc_5r7s2o_T3_C2,1,9278519,ns
BM_tc_5r7s2o_T3_C2,1,8498886,ns
BM_tc_5r7s2o_T3_C2,1,8516888,ns
BM_tc_5r7s2o_T3_C2,1,8515616,ns
BM_tc_5r7s2o_T3_C2,1,8493133,ns
BM_tc_5r7s2o_T3_C2,1,8532662,ns
BM_tc_5r7s2o_T3_C2,1,8494971,ns
BM_tc_5r7s2o_T3_C3,1,1676334,ns
BM_tc_5r7s2o_T3_C3,1,1741162,ns
BM_tc_5r7s2o_T3_C3,1,1663613,ns
BM_tc_5r7s2o_T3_C3,1,3031127,ns
BM_tc_5r7s2o_T3_C3,1,2980336,ns
BM_tc_5r7s2o_T3_C3,1,2980219,ns
BM_tc_5r7s2o_T3_C3,1,2980962,ns
BM_tc_5r7s2o_T3_C3,1,2385344,ns
BM_tc_5r7s2o_T3_C3,1,1660461,ns
BM_tc_5r7s2o_T3_C3,1,1661238,ns
BM_tc_5r8s2o_T1_C1,1,511611369,ns
BM_tc_5r8s2o_T1_C1,1,514332412,ns
BM_tc_5r8s2o_T1_C1,1,514337003,ns
BM_tc_5r8s2o_T1_C1,1,517208971,ns
BM_tc_5r8s2o_T1_C1,1,510901864,ns
BM_tc_5r8s2o_T1_C1,1,512486602,ns
BM_tc_5r8s2o_T1_C1,1,511047378,ns
BM_tc_5r8s2o_T1_C1,1,514873991,ns
BM_tc_5r8s2o_T1_C1,1,511223272,ns
BM_tc_5r8s2o_T1_C1,1,516311901,ns
BM_tc_5r8s2o_T2_C1,1,421881756,ns
BM_tc_5r8s2o_T2_C1,1,420121459,ns
BM_tc_5r8s2o_T2_C1,1,421938614,ns
BM_tc_5r8s2o_T2_C1,1,419288954,ns
BM_tc_5r8s2o_T2_C1,1,421970821,ns
BM_tc_5r8s2o_T2_C1,1,421074908,ns
BM_tc_5r8s2o_T2_C1,1,420213849,ns
BM_tc_5r8s2o_T2_C1,1,420467880,ns
BM_tc_5r8s2o_T2_C1,1,419415874,ns
BM_tc_5r8s2o_T2_C1,1,420215186,ns
BM_tc_5r8s2o_T2_C2,1,34737900,ns
BM_tc_5r8s2o_T2_C2,1,34627808,ns
BM_tc_5r8s2o_T2_C2,1,34612061,ns
BM_tc_5r8s2o_T2_C2,1,34603763,ns
BM_tc_5r8s2o_T2_C2,1,34604313,ns
BM_tc_5r8s2o_T2_C2,1,34624990,ns
BM_tc_5r8s2o_T2_C2,1,34654933,ns
BM_tc_5r8s2o_T2_C2,1,34600713,ns
BM_tc_5r8s2o_T2_C2,1,34616881,ns
BM_tc_5r8s2o_T2_C2,1,34606942,ns
BM_tc_5r8s2o_T3_C1,1,116938466,ns
BM_tc_5r8s2o_T3_C1,1,117049538,ns
BM_tc_5r8s2o_T3_C1,1,117443052,ns
BM_tc_5r8s2o_T3_C1,1,116994355,ns
BM_tc_5r8s2o_T3_C1,1,116974710,ns
BM_tc_5r8s2o_T3_C1,1,117014529,ns
BM_tc_5r8s2o_T3_C1,1,117047916,ns
BM_tc_5r8s2o_T3_C1,1,116981456,ns
BM_tc_5r8s2o_T3_C1,1,117539562,ns
BM_tc_5r8s2o_T3_C1,1,117180547,ns
BM_tc_5r8s2o_T3_C2,1,33013802,ns
BM_tc_5r8s2o_T3_C2,1,33096353,ns
BM_tc_5r8s2o_T3_C2,1,33003619,ns
BM_tc_5r8s2o_T3_C2,1,32989780,ns
BM_tc_5r8s2o_T3_C2,1,33026287,ns
BM_tc_5r8s2o_T3_C2,1,33059130,ns
BM_tc_5r8s2o_T3_C2,1,33066702,ns
BM_tc_5r8s2o_T3_C2,1,33021439,ns
BM_tc_5r8s2o_T3_C2,1,33026340,ns
BM_tc_5r8s2o_T3_C2,1,33009930,ns
BM_tc_5r8s2o_T3_C3,1,5183793,ns
BM_tc_5r8s2o_T3_C3,1,4577498,ns
BM_tc_5r8s2o_T3_C3,1,4589059,ns
BM_tc_5r8s2o_T3_C3,1,4573473,ns
BM_tc_5r8s2o_T3_C3,1,4601298,ns
BM_tc_5r8s2o_T3_C3,1,4572328,ns
BM_tc_5r8s2o_T3_C3,1,4574256,ns
BM_tc_5r8s2o_T3_C3,1,4574200,ns
BM_tc_5r8s2o_T3_C3,1,4571173,ns
BM_tc_5r8s2o_T3_C3,1,4576205,ns
BM_tc_6r2s3o_T1_C1,1,15219,ns
BM_tc_6r2s3o_T1_C1,1,15047,ns
BM_tc_6r2s3o_T1_C1,1,14950,ns
BM_tc_6r2s3o_T1_C1,1,14889,ns
BM_tc_6r2s3o_T1_C1,1,14885,ns
BM_tc_6r2s3o_T1_C1,1,14932,ns
BM_tc_6r2s3o_T1_C1,1,22806,ns
BM_tc_6r2s3o_T1_C1,1,14990,ns
BM_tc_6r2s3o_T1_C1,1,15004,ns
BM_tc_6r2s3o_T1_C1,1,15031,ns
BM_tc_6r2s3o_T2_C1,1,12527,ns
BM_tc_6r2s3o_T2_C1,1,12429,ns
BM_tc_6r2s3o_T2_C1,1,12336,ns
BM_tc_6r2s3o_T2_C1,1,12297,ns
BM_tc_6r2s3o_T2_C1,1,12247,ns
BM_tc_6r2s3o_T2_C1,1,12312,ns
BM_tc_6r2s3o_T2_C1,1,12256,ns
BM_tc_6r2s3o_T2_C1,1,12284,ns
BM_tc_6r2s3o_T2_C1,1,12246,ns
BM_tc_6r2s3o_T2_C1,1,12233,ns
BM_tc_6r2s3o_T2_C2,1,1922,ns
BM_tc_6r2s3o_T2_C2,1,1885,ns
BM_tc_6r2s3o_T2_C2,1,1838,ns
BM_tc_6r2s3o_T2_C2,1,1864,ns
BM_tc_6r2s3o_T2_C2,1,1841,ns
BM_tc_6r2s3o_T2_C2,1,1828,ns
BM_tc_6r2s3o_T2_C2,1,1794,ns
BM_tc_6r2s3o_T2_C2,1,1810,ns
BM_tc_6r2s3o_T2_C2,1,1808,ns
BM_tc_6r2s3o_T2_C2,1,1823,ns
BM_tc_6r2s3o_T3_C1,1,4067,ns
BM_tc_6r2s3o_T3_C1,1,3985,ns
BM_tc_6r2s3o_T3_C1,1,3971,ns
BM_tc_6r2s3o_T3_C1,1,3964,ns
BM_tc_6r2s3o_T3_C1,1,3940,ns
BM_tc_6r2s3o_T3_C1,1,3959,ns
BM_tc_6r2s3o_T3_C1,1,4023,ns
BM_tc_6r2s3o_T3_C1,1,3976,ns
BM_tc_6r2s3o_T3_C1,1,3982,ns
BM_tc_6r2s3o_T3_C1,1,4006,ns
BM_tc_6r2s3o_T3_C2,1,3280,ns
BM_tc_6r2s3o_T3_C2,1,3035,ns
BM_tc_6r2s3o_T3_C2,1,2918,ns
BM_tc_6r2s3o_T3_C2,1,3010,ns
BM_tc_6r2s3o_T3_C2,1,2883,ns
BM_tc_6r2s3o_T3_C2,1,3036,ns
BM_tc_6r2s3o_T3_C2,1,2825,ns
BM_tc_6r2s3o_T3_C2,1,3048,ns
BM_tc_6r2s3o_T3_C2,1,2787,ns
BM_tc_6r2s3o_T3_C2,1,3061,ns
BM_tc_6r2s3o_T3_C3,1,563,ns
BM_tc_6r2s3o_T3_C3,1,164,ns
BM_tc_6r2s3o_T3_C3,1,117,ns
BM_tc_6r2s3o_T3_C3,1,106,ns
BM_tc_6r2s3o_T3_C3,1,117,ns
BM_tc_6r2s3o_T3_C3,1,133,ns
BM_tc_6r2s3o_T3_C3,1,129,ns
BM_tc_6r2s3o_T3_C3,1,135,ns
BM_tc_6r2s3o_T3_C3,1,136,ns
BM_tc_6r2s3o_T3_C3,1,108,ns
BM_tc_6r2s5o_T1_C1,1,6353,ns
BM_tc_6r2s5o_T1_C1,1,6317,ns
BM_tc_6r2s5o_T1_C1,1,5862,ns
BM_tc_6r2s5o_T1_C1,1,5534,ns
BM_tc_6r2s5o_T1_C1,1,5458,ns
BM_tc_6r2s5o_T1_C1,1,5422,ns
BM_tc_6r2s5o_T1_C1,1,5603,ns
BM_tc_6r2s5o_T1_C1,1,5883,ns
BM_tc_6r2s5o_T1_C1,1,6155,ns
BM_tc_6r2s5o_T1_C1,1,6182,ns
BM_tc_6r2s5o_T2_C1,1,4146,ns
BM_tc_6r2s5o_T2_C1,1,4109,ns
BM_tc_6r2s5o_T2_C1,1,4004,ns
BM_tc_6r2s5o_T2_C1,1,4102,ns
BM_tc_6r2s5o_T2_C1,1,3969,ns
BM_tc_6r2s5o_T2_C1,1,4001,ns
BM_tc_6r2s5o_T2_C1,1,4013,ns
BM_tc_6r2s5o_T2_C1,1,3971,ns
BM_tc_6r2s5o_T2_C1,1,4023,ns
BM_tc_6r2s5o_T2_C1,1,4041,ns
BM_tc_6r2s5o_T2_C2,1,1140,ns
BM_tc_6r2s5o_T2_C2,1,826,ns
BM_tc_6r2s5o_T2_C2,1,1014,ns
BM_tc_6r2s5o_T2_C2,1,964,ns
BM_tc_6r2s5o_T2_C2,1,879,ns
BM_tc_6r2s5o_T2_C2,1,657,ns
BM_tc_6r2s5o_T2_C2,1,772,ns
BM_tc_6r2s5o_T2_C2,1,892,ns
BM_tc_6r2s5o_T2_C2,1,996,ns
BM_tc_6r2s5o_T2_C2,1,657,ns
BM_tc_6r2s5o_T3_C1,1,1395,ns
BM_tc_6r2s5o_T3_C1,1,1345,ns
BM_tc_6r2s5o_T3_C1,1,1267,ns
BM_tc_6r2s5o_T3_C1,1,1294,ns
BM_tc_6r2s5o_T3_C1,1,1267,ns
BM_tc_6r2s5o_T3_C1,1,1267,ns
BM_tc_6r2s5o_T3_C1,1,1263,ns
BM_tc_6r2s5o_T3_C1,1,1261,ns
BM_tc_6r2s5o_T3_C1,1,1268,ns
BM_tc_6r2s5o_T3_C1,1,1267,ns
BM_tc_6r2s5o_T3_C2,1,673,ns
BM_tc_6r2s5o_T3_C2,1,617,ns
BM_tc_6r2s5o_T3_C2,1,508,ns
BM_tc_6r2s5o_T3_C2,1,508,ns
BM_tc_6r2s5o_T3_C2,1,503,ns
BM_tc_6r2s5o_T3_C2,1,508,ns
BM_tc_6r2s5o_T3_C2,1,508,ns
BM_tc_6r2s5o_T3_C2,1,520,ns
BM_tc_6r2s5o_T3_C2,1,516,ns
BM_tc_6r2s5o_T3_C2,1,508,ns
BM_tc_6r2s5o_T3_C3,1,978,ns
BM_tc_6r2s5o_T3_C3,1,964,ns
BM_tc_6r2s5o_T3_C3,1,958,ns
BM_tc_6r2s5o_T3_C3,1,956,ns
BM_tc_6r2s5o_T3_C3,1,956,ns
BM_tc_6r2s5o_T3_C3,1,955,ns
BM_tc_6r2s5o_T3_C3,1,955,ns
BM_tc_6r2s5o_T3_C3,1,954,ns
BM_tc_6r2s5o_T3_C3,1,956,ns
BM_tc_6r2s5o_T3_C3,1,954,ns
BM_tc_6r3s3o_T1_C1,1,688198,ns
BM_tc_6r3s3o_T1_C1,1,685824,ns
BM_tc_6r3s3o_T1_C1,1,679681,ns
BM_tc_6r3s3o_T1_C1,1,685221,ns
BM_tc_6r3s3o_T1_C1,1,742944,ns
BM_tc_6r3s3o_T1_C1,1,688237,ns
BM_tc_6r3s3o_T1_C1,1,682175,ns
BM_tc_6r3s3o_T1_C1,1,660321,ns
BM_tc_6r3s3o_T1_C1,1,541209,ns
BM_tc_6r3s3o_T1_C1,1,532597,ns
BM_tc_6r3s3o_T2_C1,1,600569,ns
BM_tc_6r3s3o_T2_C1,1,445703,ns
BM_tc_6r3s3o_T2_C1,1,454503,ns
BM_tc_6r3s3o_T2_C1,1,435897,ns
BM_tc_6r3s3o_T2_C1,1,442402,ns
BM_tc_6r3s3o_T2_C1,1,471782,ns
BM_tc_6r3s3o_T2_C1,1,465235,ns
BM_tc_6r3s3o_T2_C1,1,455542,ns
BM_tc_6r3s3o_T2_C1,1,460408,ns
BM_tc_6r3s3o_T2_C1,1,455272,ns
BM_tc_6r3s3o_T2_C2,1,69016,ns
BM_tc_6r3s3o_T2_C2,1,68928,ns
BM_tc_6r3s3o_T2_C2,1,69103,ns
BM_tc_6r3s3o_T2_C2,1,68646,ns
BM_tc_6r3s3o_T2_C2,1,68777,ns
BM_tc_6r3s3o_T2_C2,1,75737,ns
BM_tc_6r3s3o_T2_C2,1,68611,ns
BM_tc_6r3s3o_T2_C2,1,68259,ns
BM_tc_6r3s3o_T2_C2,1,68526,ns
BM_tc_6r3s3o_T2_C2,1,68562,ns
BM_tc_6r3s3o_T3_C1,1,230398,ns
BM_tc_6r3s3o_T3_C1,1,162834,ns
BM_tc_6r3s3o_T3_C1,1,159685,ns
BM_tc_6r3s3o_T3_C1,1,155455,ns
BM_tc_6r3s3o_T3_C1,1,156024,ns
BM_tc_6r3s3o_T3_C1,1,156391,ns
BM_tc_6r3s3o_T3_C1,1,156062,ns
BM_tc_6r3s3o_T3_C1,1,161500,ns
BM_tc_6r3s3o_T3_C1,1,157468,ns
BM_tc_6r3s3o_T3_C1,1,157190,ns
BM_tc_6r3s3o_T3_C2,1,55939,ns
BM_tc_6r3s3o_T3_C2,1,39910,ns
BM_tc_6r3s3o_T3_C2,1,39781,ns
BM_tc_6r3s3o_T3_C2,1,39771,ns
BM_tc_6r3s3o_T3_C2,1,39814,ns
BM_tc_6r3s3o_T3_C2,1,97435,ns
BM_tc_6r3s3o_T3_C2,1,39763,ns
BM_tc_6r3s3o_T3_C2,1,39766,ns
BM_tc_6r3s3o_T3_C2,1,39837,ns
BM_tc_6r3s3o_T3_C2,1,39758,ns
BM_tc_6r3s3o_T3_C3,1,6063,ns
BM_tc_6r3s3o_T3_C3,1,5700,ns
BM_tc_6r3s3o_T3_C3,1,5661,ns
BM_tc_6r3s3o_T3_C3,1,5664,ns
BM_tc_6r3s3o_T3_C3,1,5647,ns
BM_tc_6r3s3o_T3_C3,1,5637,ns
BM_tc_6r3s3o_T3_C3,1,5634,ns
BM_tc_6r3s3o_T3_C3,1,5661,ns
BM_tc_6r3s3o_T3_C3,1,5664,ns
BM_tc_6r3s3o_T3_C3,1,5657,ns
BM_tc_6r3s5o_T1_C1,1,83049,ns
BM_tc_6r3s5o_T1_C1,1,83395,ns
BM_tc_6r3s5o_T1_C1,1,82631,ns
BM_tc_6r3s5o_T1_C1,1,90716,ns
BM_tc_6r3s5o_T1_C1,1,82080,ns
BM_tc_6r3s5o_T1_C1,1,82005,ns
BM_tc_6r3s5o_T1_C1,1,82099,ns
BM_tc_6r3s5o_T1_C1,1,82616,ns
BM_tc_6r3s5o_T1_C1,1,82577,ns
BM_tc_6r3s5o_T1_C1,1,82387,ns
BM_tc_6r3s5o_T2_C1,1,53660,ns
BM_tc_6r3s5o_T2_C1,1,53453,ns
BM_tc_6r3s5o_T2_C1,1,53513,ns
BM_tc_6r3s5o_T2_C1,1,53416,ns
BM_tc_6r3s5o_T2_C1,1,53391,ns
BM_tc_6r3s5o_T2_C1,1,53304,ns
BM_tc_6r3s5o_T2_C1,1,53242,ns
BM_tc_6r3s5o_T2_C1,1,62374,ns
BM_tc_6r3s5o_T2_C1,1,53513,ns
BM_tc_6r3s5o_T2_C1,1,53343,ns
BM_tc_6r3s5o_T2_C2,1,4895,ns
BM_tc_6r3s5o_T2_C2,1,4881,ns
BM_tc_6r3s5o_T2_C2,1,4761,ns
BM_tc_6r3s5o_T2_C2,1,4700,ns
BM_tc_6r3s5o_T2_C2,1,4695,ns
BM_tc_6r3s5o_T2_C2,1,4747,ns
BM_tc_6r3s5o_T2_C2,1,4711,ns
BM_tc_6r3s5o_T2_C2,1,4717,ns
BM_tc_6r3s5o_T2_C2,1,4740,ns
BM_tc_6r3s5o_T2_C2,1,4712,ns
BM_tc_6r3s5o_T3_C1,1,21929,ns
BM_tc_6r3s5o_T3_C1,1,21323,ns
BM_tc_6r3s5o_T3_C1,1,21556,ns
BM_tc_6r3s5o_T3_C1,1,21523,ns
BM_tc_6r3s5o_T3_C1,1,21310,ns
BM_tc_6r3s5o_T3_C1,1,21176,ns
BM_tc_6r3s5o_T3_C1,1,21394,ns
BM_tc_6r3s5o_T3_C1,1,21330,ns
BM_tc_6r3s5o_T3_C1,1,21665,ns
BM_tc_6r3s5o_T3_C1,1,21366,ns
BM_tc_6r3s5o_T3_C2,1,5192,ns
BM_tc_6r3s5o_T3_C2,1,5198,ns
BM_tc_6r3s5o_T3_C2,1,5093,ns
BM_tc_6r3s5o_T3_C2,1,5088,ns
BM_tc_6r3s5o_T3_C2,1,5050,ns
BM_tc_6r3s5o_T3_C2,1,5036,ns
BM_tc_6r3s5o_T3_C2,1,5040,ns
BM_tc_6r3s5o_T3_C2,1,5069,ns
BM_tc_6r3s5o_T3_C2,1,5090,ns
BM_tc_6r3s5o_T3_C2,1,5084,ns
BM_tc_6r3s5o_T3_C3,1,3186,ns
BM_tc_6r3s5o_T3_C3,1,2101,ns
BM_tc_6r3s5o_T3_C3,1,2648,ns
BM_tc_6r3s5o_T3_C3,1,2182,ns
BM_tc_6r3s5o_T3_C3,1,2464,ns
BM_tc_6r3s5o_T3_C3,1,2495,ns
BM_tc_6r3s5o_T3_C3,1,2134,ns
BM_tc_6r3s5o_T3_C3,1,2508,ns
BM_tc_6r3s5o_T3_C3,1,1982,ns
BM_tc_6r3s5o_T3_C3,1,2598,ns
BM_tc_6r4s5o_T1_C1,1,577821,ns
BM_tc_6r4s5o_T1_C1,1,581521,ns
BM_tc_6r4s5o_T1_C1,1,571689,ns
BM_tc_6r4s5o_T1_C1,1,576816,ns
BM_tc_6r4s5o_T1_C1,1,570938,ns
BM_tc_6r4s5o_T1_C1,1,574580,ns
BM_tc_6r4s5o_T1_C1,1,577140,ns
BM_tc_6r4s5o_T1_C1,1,497923,ns
BM_tc_6r4s5o_T1_C1,1,444624,ns
BM_tc_6r4s5o_T1_C1,1,445833,ns
BM_tc_6r4s5o_T2_C1,1,376001,ns
BM_tc_6r4s5o_T2_C1,1,544316,ns
BM_tc_6r4s5o_T2_C1,1,377681,ns
BM_tc_6r4s5o_T2_C1,1,384090,ns
BM_tc_6r4s5o_T2_C1,1,377620,ns
BM_tc_6r4s5o_T2_C1,1,382960,ns
BM_tc_6r4s5o_T2_C1,1,399414,ns
BM_tc_6r4s5o_T2_C1,1,395492,ns
BM_tc_6r4s5o_T2_C1,1,403352,ns
BM_tc_6r4s5o_T2_C1,1,395848,ns
BM_tc_6r4s5o_T2_C2,1,50025,ns
BM_tc_6r4s5o_T2_C2,1,50997,ns
BM_tc_6r4s5o_T2_C2,1,49742,ns
BM_tc_6r4s5o_T2_C2,1,50017,ns
BM_tc_6r4s5o_T2_C2,1,56913,ns
BM_tc_6r4s5o_T2_C2,1,50125,ns
BM_tc_6r4s5o_T2_C2,1,49323,ns
BM_tc_6r4s5o_T2_C2,1,49902,ns
BM_tc_6r4s5o_T2_C2,1,49783,ns
BM_tc_6r4s5o_T2_C2,1,49695,ns
BM_tc_6r4s5o_T3_C1,1,209546,ns
BM_tc_6r4s5o_T3_C1,1,215444,ns
BM_tc_6r4s5o_T3_C1,1,208512,ns
BM_tc_6r4s5o_T3_C1,1,207483,ns
BM_tc_6r4s5o_T3_C1,1,207905,ns
BM_tc_6r4s5o_T3_C1,1,182694,ns
BM_tc_6r4s5o_T3_C1,1,141778,ns
BM_tc_6r4s5o_T3_C1,1,139085,ns
BM_tc_6r4s5o_T3_C1,1,135672,ns
BM_tc_6r4s5o_T3_C1,1,135722,ns
BM_tc_6r4s5o_T3_C2,1,41871,ns
BM_tc_6r4s5o_T3_C2,1,32000,ns
BM_tc_6r4s5o_T3_C2,1,36361,ns
BM_tc_6r4s5o_T3_C2,1,31851,ns
BM_tc_6r4s5o_T3_C2,1,31891,ns
BM_tc_6r4s5o_T3_C2,1,32092,ns
BM_tc_6r4s5o_T3_C2,1,32013,ns
BM_tc_6r4s5o_T3_C2,1,31927,ns
BM_tc_6r4s5o_T3_C2,1,31849,ns
BM_tc_6r4s5o_T3_C2,1,32095,ns
BM_tc_6r4s5o_T3_C3,1,8637,ns
BM_tc_6r4s5o_T3_C3,1,8509,ns
BM_tc_6r4s5o_T3_C3,1,8359,ns
BM_tc_6r4s5o_T3_C3,1,8339,ns
BM_tc_6r4s5o_T3_C3,1,8362,ns
BM_tc_6r4s5o_T3_C3,1,8334,ns
BM_tc_6r4s5o_T3_C3,1,8326,ns
BM_tc_6r4s5o_T3_C3,1,8355,ns
BM_tc_6r4s5o_T3_C3,1,8348,ns
BM_tc_6r4s5o_T3_C3,1,8343,ns
BM_tc_6r7s3o_T1_C1,1,1217138204,ns
BM_tc_6r7s3o_T1_C1,1,1217826261,ns
BM_tc_6r7s3o_T1_C1,1,1215864424,ns
BM_tc_6r7s3o_T1_C1,1,1216578679,ns
BM_tc_6r7s3o_T1_C1,1,1217511090,ns
BM_tc_6r7s3o_T1_C1,1,1215638160,ns
BM_tc_6r7s3o_T1_C1,1,1220066558,ns
BM_tc_6r7s3o_T1_C1,1,1219074191,ns
BM_tc_6r7s3o_T1_C1,1,1217897336,ns
BM_tc_6r7s3o_T1_C1,1,1214639988,ns
BM_tc_6r7s3o_T2_C1,1,1053059459,ns
BM_tc_6r7s3o_T2_C1,1,1054696139,ns
BM_tc_6r7s3o_T2_C1,1,1048710361,ns
BM_tc_6r7s3o_T2_C1,1,1049755426,ns
BM_tc_6r7s3o_T2_C1,1,1051310390,ns
BM_tc_6r7s3o_T2_C1,1,1052157230,ns
BM_tc_6r7s3o_T2_C1,1,1051445577,ns
BM_tc_6r7s3o_T2_C1,1,1054378909,ns
BM_tc_6r7s3o_T2_C1,1,1053555958,ns
BM_tc_6r7s3o_T2_C1,1,1053065428,ns
BM_tc_6r7s3o_T2_C2,1,78729404,ns
BM_tc_6r7s3o_T2_C2,1,79217116,ns
BM_tc_6r7s3o_T2_C2,1,79179299,ns
BM_tc_6r7s3o_T2_C2,1,78742207,ns
BM_tc_6r7s3o_T2_C2,1,78781064,ns
BM_tc_6r7s3o_T2_C2,1,78665037,ns
BM_tc_6r7s3o_T2_C2,1,78675238,ns
BM_tc_6r7s3o_T2_C2,1,78712036,ns
BM_tc_6r7s3o_T2_C2,1,78643547,ns
BM_tc_6r7s3o_T2_C2,1,78707106,ns
BM_tc_6r7s3o_T3_C1,1,306160289,ns
BM_tc_6r7s3o_T3_C1,1,307903690,ns
BM_tc_6r7s3o_T3_C1,1,306982816,ns
BM_tc_6r7s3o_T3_C1,1,307076835,ns
BM_tc_6r7s3o_T3_C1,1,306818143,ns
BM_tc_6r7s3o_T3_C1,1,306680349,ns
BM_tc_6r7s3o_T3_C1,1,306349715,ns
BM_tc_6r7s3o_T3_C1,1,306783754,ns
BM_tc_6r7s3o_T3_C1,1,307326698,ns
BM_tc_6r7s3o_T3_C1,1,306494718,ns
BM_tc_6r7s3o_T3_C2,1,78844595,ns
BM_tc_6r7s3o_T3_C2,1,78776836,ns
BM_tc_6r7s3o_T3_C2,1,84565443,ns
BM_tc_6r7s3o_T3_C2,1,78926333,ns
BM_tc_6r7s3o_T3_C2,1,78952868,ns
BM_tc_6r7s3o_T3_C2,1,78801527,ns
BM_tc_6r7s3o_T3_C2,1,78893500,ns
BM_tc_6r7s3o_T3_C2,1,79308783,ns
BM_tc_6r7s3o_T3_C2,1,80035020,ns
BM_tc_6r7s3o_T3_C2,1,79130609,ns
BM_tc_6r7s3o_T3_C3,1,45298528,ns
BM_tc_6r7s3o_T3_C3,1,45297619,ns
BM_tc_6r7s3o_T3_C3,1,45416781,ns
BM_tc_6r7s3o_T3_C3,1,45283331,ns
BM_tc_6r7s3o_T3_C3,1,45288805,ns
BM_tc_6r7s3o_T3_C3,1,45282411,ns
BM_tc_6r7s3o_T3_C3,1,45823517,ns
BM_tc_6r7s3o_T3_C3,1,45582585,ns
BM_tc_6r7s3o_T3_C3,1,45306908,ns
BM_tc_6r7s3o_T3_C3,1,45301392,ns
BM_tc_7r2s6o_T1_C1,1,7794,ns
BM_tc_7r2s6o_T1_C1,1,7689,ns
BM_tc_7r2s6o_T1_C1,1,15152,ns
BM_tc_7r2s6o_T1_C1,1,7598,ns
BM_tc_7r2s6o_T1_C1,1,7583,ns
BM_tc_7r2s6o_T1_C1,1,7613,ns
BM_tc_7r2s6o_T1_C1,1,7608,ns
BM_tc_7r2s6o_T1_C1,1,7583,ns
BM_tc_7r2s6o_T1_C1,1,7609,ns
BM_tc_7r2s6o_T1_C1,1,7621,ns
BM_tc_7r2s6o_T2_C1,1,6323,ns
BM_tc_7r2s6o_T2_C1,1,6213,ns
BM_tc_7r2s6o_T2_C1,1,6200,ns
BM_tc_7r2s6o_T2_C1,1,6244,ns
BM_tc_7r2s6o_T2_C1,1,6172,ns
BM_tc_7r2s6o_T2_C1,1,6191,ns
BM_tc_7r2s6o_T2_C1,1,6173,ns
BM_tc_7r2s6o_T2_C1,1,6162,ns
BM_tc_7r2s6o_T2_C1,1,6136,ns
BM_tc_7r2s6o_T2_C1,1,6243,ns
BM_tc_7r2s6o_T2_C2,1,1859,ns
BM_tc_7r2s6o_T2_C2,1,994,ns
BM_tc_7r2s6o_T2_C2,1,950,ns
BM_tc_7r2s6o_T2_C2,1,941,ns
BM_tc_7r2s6o_T2_C2,1,917,ns
BM_tc_7r2s6o_T2_C2,1,913,ns
BM_tc_7r2s6o_T2_C2,1,920,ns
BM_tc_7r2s6o_T2_C2,1,935,ns
BM_tc_7r2s6o_T2_C2,1,910,ns
BM_tc_7r2s6o_T2_C2,1,919,ns
BM_tc_7r2s6o_T3_C1,1,3024,ns
BM_tc_7r2s6o_T3_C1,1,2834,ns
BM_tc_7r2s6o_T3_C1,1,2744,ns
BM_tc_7r2s6o_T3_C1,1,2690,ns
BM_tc_7r2s6o_T3_C1,1,2707,ns
BM_tc_7r2s6o_T3_C1,1,2714,ns
BM_tc_7r2s6o_T3_C1,1,2704,ns
BM_tc_7r2s6o_T3_C1,1,2725,ns
BM_tc_7r2s6o_T3_C1,1,2695,ns
BM_tc_7r2s6o_T3_C1,1,2719,ns
BM_tc_7r2s6o_T3_C2,1,2037,ns
BM_tc_7r2s6o_T3_C2,1,1016,ns
BM_tc_7r2s6o_T3_C2,1,969,ns
BM_tc_7r2s6o_T3_C2,1,956,ns
BM_tc_7r2s6o_T3_C2,1,972,ns
BM_tc_7r2s6o_T3_C2,1,936,ns
BM_tc_7r2s6o_T3_C2,1,933,ns
BM_tc_7r2s6o_T3_C2,1,958,ns
BM_tc_7r2s6o_T3_C2,1,970,ns
BM_tc_7r2s6o_T3_C2,1,972,ns
BM_tc_7r2s6o_T3_C3,1,685,ns
BM_tc_7r2s6o_T3_C3,1,367,ns
BM_tc_7r2s6o_T3_C3,1,221,ns
BM_tc_7r2s6o_T3_C3,1,222,ns
BM_tc_7r2s6o_T3_C3,1,222,ns
BM_tc_7r2s6o_T3_C3,1,223,ns
BM_tc_7r2s6o_T3_C3,1,221,ns
BM_tc_7r2s6o_T3_C3,1,223,ns
BM_tc_7r2s6o_T3_C3,1,223,ns
BM_tc_7r2s6o_T3_C3,1,223,ns
BM_tc_7r4s6o_T1_C1,1,2066156,ns
BM_tc_7r4s6o_T1_C1,1,2085741,ns
BM_tc_7r4s6o_T1_C1,1,2042162,ns
BM_tc_7r4s6o_T1_C1,1,2114964,ns
BM_tc_7r4s6o_T1_C1,1,2052789,ns
BM_tc_7r4s6o_T1_C1,1,2063756,ns
BM_tc_7r4s6o_T1_C1,1,2055803,ns
BM_tc_7r4s6o_T1_C1,1,2094849,ns
BM_tc_7r4s6o_T1_C1,1,2057886,ns
BM_tc_7r4s6o_T1_C1,1,2037394,ns
BM_tc_7r4s6o_T2_C1,1,1970595,ns
BM_tc_7r4s6o_T2_C1,1,1757110,ns
BM_tc_7r4s6o_T2_C1,1,1758462,ns
BM_tc_7r4s6o_T2_C1,1,1802337,ns
BM_tc_7r4s6o_T2_C1,1,1734152,ns
BM_tc_7r4s6o_T2_C1,1,1749003,ns
BM_tc_7r4s6o_T2_C1,1,1730089,ns
BM_tc_7r4s6o_T2_C1,1,1730254,ns
BM_tc_7r4s6o_T2_C1,1,1738778,ns
BM_tc_7r4s6o_T2_C1,1,1731080,ns
BM_tc_7r4s6o_T2_C2,1,124955,ns
BM_tc_7r4s6o_T2_C2,1,125170,ns
BM_tc_7r4s6o_T2_C2,1,124501,ns
BM_tc_7r4s6o_T2_C2,1,124627,ns
BM_tc_7r4s6o_T2_C2,1,124672,ns
BM_tc_7r4s6o_T2_C2,1,124789,ns
BM_tc_7r4s6o_T2_C2,1,130248,ns
BM_tc_7r4s6o_T2_C2,1,129860,ns
BM_tc_7r4s6o_T2_C2,1,124602,ns
BM_tc_7r4s6o_T2_C2,1,128643,ns
BM_tc_7r4s6o_T3_C1,1,645414,ns
BM_tc_7r4s6o_T3_C1,1,682532,ns
BM_tc_7r4s6o_T3_C1,1,628697,ns
BM_tc_7r4s6o_T3_C1,1,622515,ns
BM_tc_7r4s6o_T3_C1,1,627258,ns
BM_tc_7r4s6o_T3_C1,1,642715,ns
BM_tc_7r4s6o_T3_C1,1,626590,ns
BM_tc_7r4s6o_T3_C1,1,625960,ns
BM_tc_7r4s6o_T3_C1,1,622873,ns
BM_tc_7r4s6o_T3_C1,1,629765,ns
BM_tc_7r4s6o_T3_C2,1,124183,ns
BM_tc_7r4s6o_T3_C2,1,124052,ns
BM_tc_7r4s6o_T3_C2,1,128479,ns
BM_tc_7r4s6o_T3_C2,1,123718,ns
BM_tc_7r4s6o_T3_C2,1,123503,ns
BM_tc_7r4s6o_T3_C2,1,123493,ns
BM_tc_7r4s6o_T3_C2,1,130271,ns
BM_tc_7r4s6o_T3_C2,1,123771,ns
BM_tc_7r4s6o_T3_C2,1,124088,ns
BM_tc_7r4s6o_T3_C2,1,123712,ns
BM_tc_7r4s6o_T3_C3,1,39641,ns
BM_tc_7r4s6o_T3_C3,1,39596,ns
BM_tc_7r4s6o_T3_C3,1,38810,ns
BM_tc_7r4s6o_T3_C3,1,40366,ns
BM_tc_7r4s6o_T3_C3,1,38852,ns
BM_tc_7r4s6o_T3_C3,1,39068,ns
BM_tc_7r4s6o_T3_C3,1,38998,ns
BM_tc_7r4s6o_T3_C3,1,38942,ns
BM_tc_7r4s6o_T3_C3,1,38790,ns
BM_tc_7r4s6o_T3_C3,1,38785,ns
BM_tc_7r8s6o_T1_C1,1,551697672,ns
BM_tc_7r8s6o_T1_C1,1,556058803,ns
BM_tc_7r8s6o_T1_C1,1,550674561,ns
BM_tc_7r8s6o_T1_C1,1,552530936,ns
BM_tc_7r8s6o_T1_C1,1,563126936,ns
BM_tc_7r8s6o_T1_C1,1,551853244,ns
BM_tc_7r8s6o_T1_C1,1,554743370,ns
BM_tc_7r8s6o_T1_C1,1,550691204,ns
BM_tc_7r8s6o_T1_C1,1,550186766,ns
BM_tc_7r8s6o_T1_C1,1,546944160,ns
BM_tc_7r8s6o_T2_C1,1,444166638,ns
BM_tc_7r8s6o_T2_C1,1,441865176,ns
BM_tc_7r8s6o_T2_C1,1,441890106,ns
BM_tc_7r8s6o_T2_C1,1,443550777,ns
BM_tc_7r8s6o_T2_C1,1,441764613,ns
BM_tc_7r8s6o_T2_C1,1,443157573,ns
BM_tc_7r8s6o_T2_C1,1,441241672,ns
BM_tc_7r8s6o_T2_C1,1,441955187,ns
BM_tc_7r8s6o_T2_C1,1,443035520,ns
BM_tc_7r8s6o_T2_C1,1,442686060,ns
BM_tc_7r8s6o_T2_C2,1,48863427,ns
BM_tc_7r8s6o_T2_C2,1,48612389,ns
BM_tc_7r8s6o_T2_C2,1,48582329,ns
BM_tc_7r8s6o_T2_C2,1,48199052,ns
BM_tc_7r8s6o_T2_C2,1,48621692,ns
BM_tc_7r8s6o_T2_C2,1,48152035,ns
BM_tc_7r8s6o_T2_C2,1,48022872,ns
BM_tc_7r8s6o_T2_C2,1,48605272,ns
BM_tc_7r8s6o_T2_C2,1,48202065,ns
BM_tc_7r8s6o_T2_C2,1,48279725,ns
BM_tc_7r8s6o_T3_C1,1,173603839,ns
BM_tc_7r8s6o_T3_C1,1,180372647,ns
BM_tc_7r8s6o_T3_C1,1,173038102,ns
BM_tc_7r8s6o_T3_C1,1,173324575,ns
BM_tc_7r8s6o_T3_C1,1,175067206,ns
BM_tc_7r8s6o_T3_C1,1,173587455,ns
BM_tc_7r8s6o_T3_C1,1,173007728,ns
BM_tc_7r8s6o_T3_C1,1,174039415,ns
BM_tc_7r8s6o_T3_C1,1,173125494,ns
BM_tc_7r8s6o_T3_C1,1,173201612,ns
BM_tc_7r8s6o_T3_C2,1,48791313,ns
BM_tc_7r8s6o_T3_C2,1,51375803,ns
BM_tc_7r8s6o_T3_C2,1,47884713,ns
BM_tc_7r8s6o_T3_C2,1,47492513,ns
BM_tc_7r8s6o_T3_C2,1,47433802,ns
BM_tc_7r8s6o_T3_C2,1,47565153,ns
BM_tc_7r8s6o_T3_C2,1,47524570,ns
BM_tc_7r8s6o_T3_C2,1,47276134,ns
BM_tc_7r8s6o_T3_C2,1,49561006,ns
BM_tc_7r8s6o_T3_C2,1,49619179,ns
BM_tc_7r8s6o_T3_C3,1,49013917,ns
BM_tc_7r8s6o_T3_C3,1,49035384,ns
BM_tc_7r8s6o_T3_C3,1,49013404,ns
BM_tc_7r8s6o_T3_C3,1,49592766,ns
BM_tc_7r8s6o_T3_C3,1,48922951,ns
BM_tc_7r8s6o_T3_C3,1,48856565,ns
BM_tc_7r8s6o_T3_C3,1,48754138,ns
BM_tc_7r8s6o_T3_C3,1,51605002,ns
BM_tc_7r8s6o_T3_C3,1,49947281,ns
BM_tc_7r8s6o_T3_C3,1,50072187,ns
BM_tc_8r2s7o_T1_C1,1,15848,ns
BM_tc_8r2s7o_T1_C1,1,15997,ns
BM_tc_8r2s7o_T1_C1,1,15759,ns
BM_tc_8r2s7o_T1_C1,1,15778,ns
BM_tc_8r2s7o_T1_C1,1,15825,ns
BM_tc_8r2s7o_T1_C1,1,15749,ns
BM_tc_8r2s7o_T1_C1,1,15692,ns
BM_tc_8r2s7o_T1_C1,1,15756,ns
BM_tc_8r2s7o_T1_C1,1,15790,ns
BM_tc_8r2s7o_T1_C1,1,15783,ns
BM_tc_8r2s7o_T2_C1,1,16221,ns
BM_tc_8r2s7o_T2_C1,1,16230,ns
BM_tc_8r2s7o_T2_C1,1,16097,ns
BM_tc_8r2s7o_T2_C1,1,16105,ns
BM_tc_8r2s7o_T2_C1,1,16058,ns
BM_tc_8r2s7o_T2_C1,1,16017,ns
BM_tc_8r2s7o_T2_C1,1,16035,ns
BM_tc_8r2s7o_T2_C1,1,16014,ns
BM_tc_8r2s7o_T2_C1,1,16007,ns
BM_tc_8r2s7o_T2_C1,1,16052,ns
BM_tc_8r2s7o_T2_C2,1,1960,ns
BM_tc_8r2s7o_T2_C2,1,1968,ns
BM_tc_8r2s7o_T2_C2,1,1888,ns
BM_tc_8r2s7o_T2_C2,1,1845,ns
BM_tc_8r2s7o_T2_C2,1,1830,ns
BM_tc_8r2s7o_T2_C2,1,1862,ns
BM_tc_8r2s7o_T2_C2,1,1833,ns
BM_tc_8r2s7o_T2_C2,1,1857,ns
BM_tc_8r2s7o_T2_C2,1,1842,ns
BM_tc_8r2s7o_T2_C2,1,1841,ns
BM_tc_8r2s7o_T3_C1,1,5938,ns
BM_tc_8r2s7o_T3_C1,1,5973,ns
BM_tc_8r2s7o_T3_C1,1,5814,ns
BM_tc_8r2s7o_T3_C1,1,5826,ns
BM_tc_8r2s7o_T3_C1,1,5785,ns
BM_tc_8r2s7o_T3_C1,1,5700,ns
BM_tc_8r2s7o_T3_C1,1,5808,ns
BM_tc_8r2s7o_T3_C1,1,5792,ns
BM_tc_8r2s7o_T3_C1,1,5778,ns
BM_tc_8r2s7o_T3_C1,1,5696,ns
BM_tc_8r2s7o_T3_C2,1,2054,ns
BM_tc_8r2s7o_T3_C2,1,2012,ns
BM_tc_8r2s7o_T3_C2,1,1902,ns
BM_tc_8r2s7o_T3_C2,1,1918,ns
BM_tc_8r2s7o_T3_C2,1,1910,ns
BM_tc_8r2s7o_T3_C2,1,1925,ns
BM_tc_8r2s7o_T3_C2,1,1895,ns
BM_tc_8r2s7o_T3_C2,1,1912,ns
BM_tc_8r2s7o_T3_C2,1,1902,ns
BM_tc_8r2s7o_T3_C2,1,1897,ns
BM_tc_8r2s7o_T3_C3,1,527,ns
BM_tc_8r2s7o_T3_C3,1,456,ns
BM_tc_8r2s7o_T3_C3,1,433,ns
BM_tc_8r2s7o_T3_C3,1,433,ns
BM_tc_8r2s7o_T3_C3,1,432,ns
BM_tc_8r2s7o_T3_C3,1,434,ns
BM_tc_8r2s7o_T3_C3,1,433,ns
BM_tc_8r2s7o_T3_C3,1,433,ns
BM_tc_8r2s7o_T3_C3,1,434,ns
BM_tc_8r2s7o_T3_C3,1,434,ns
BM_tc_8r4s7o_T1_C1,1,7894235,ns
BM_tc_8r4s7o_T1_C1,1,7798183,ns
BM_tc_8r4s7o_T1_C1,1,7796282,ns
BM_tc_8r4s7o_T1_C1,1,7798615,ns
BM_tc_8r4s7o_T1_C1,1,7797468,ns
BM_tc_8r4s7o_T1_C1,1,7774445,ns
BM_tc_8r4s7o_T1_C1,1,7770383,ns
BM_tc_8r4s7o_T1_C1,1,7770753,ns
BM_tc_8r4s7o_T1_C1,1,7780685,ns
BM_tc_8r4s7o_T1_C1,1,7765672,ns
BM_tc_8r4s7o_T2_C1,1,8162856,ns
BM_tc_8r4s7o_T2_C1,1,8136566,ns
BM_tc_8r4s7o_T2_C1,1,8148188,ns
BM_tc_8r4s7o_T2_C1,1,8123301,ns
BM_tc_8r4s7o_T2_C1,1,7971597,ns
BM_tc_8r4s7o_T2_C1,1,7949163,ns
BM_tc_8r4s7o_T2_C1,1,7925471,ns
BM_tc_8r4s7o_T2_C1,1,7935426,ns
BM_tc_8r4s7o_T2_C1,1,7947348,ns
BM_tc_8r4s7o_T2_C1,1,7923051,ns
BM_tc_8r4s7o_T2_C2,1,505009,ns
BM_tc_8r4s7o_T2_C2,1,531901,ns
BM_tc_8r4s7o_T2_C2,1,496561,ns
BM_tc_8r4s7o_T2_C2,1,501566,ns
BM_tc_8r4s7o_T2_C2,1,513646,ns
BM_tc_8r4s7o_T2_C2,1,499254,ns
BM_tc_8r4s7o_T2_C2,1,494846,ns
BM_tc_8r4s7o_T2_C2,1,499444,ns
BM_tc_8r4s7o_T2_C2,1,495235,ns
BM_tc_8r4s7o_T2_C2,1,556079,ns
BM_tc_8r4s7o_T3_C1,1,2908369,ns
BM_tc_8r4s7o_T3_C1,1,2904857,ns
BM_tc_8r4s7o_T3_C1,1,2902437,ns
BM_tc_8r4s7o_T3_C1,1,2938355,ns
BM_tc_8r4s7o_T3_C1,1,2901747,ns
BM_tc_8r4s7o_T3_C1,1,2885635,ns
BM_tc_8r4s7o_T3_C1,1,2883217,ns
BM_tc_8r4s7o_T3_C1,1,2907086,ns
BM_tc_8r4s7o_T3_C1,1,2885587,ns
BM_tc_8r4s7o_T3_C1,1,2879874,ns
BM_tc_8r4s7o_T3_C2,1,522856,ns
BM_tc_8r4s7o_T3_C2,1,549232,ns
BM_tc_8r4s7o_T3_C2,1,515044,ns
BM_tc_8r4s7o_T3_C2,1,521186,ns
BM_tc_8r4s7o_T3_C2,1,532508,ns
BM_tc_8r4s7o_T3_C2,1,519374,ns
BM_tc_8r4s7o_T3_C2,1,514121,ns
BM_tc_8r4s7o_T3_C2,1,518776,ns
BM_tc_8r4s7o_T3_C2,1,514590,ns
BM_tc_8r4s7o_T3_C2,1,576850,ns
BM_tc_8r4s7o_T3_C3,1,256217,ns
BM_tc_8r4s7o_T3_C3,1,252062,ns
BM_tc_8r4s7o_T3_C3,1,259895,ns
BM_tc_8r4s7o_T3_C3,1,255180,ns
BM_tc_8r4s7o_T3_C3,1,290594,ns
BM_tc_8r4s7o_T3_C3,1,249863,ns
BM_tc_8r4s7o_T3_C3,1,252510,ns
BM_tc_8r4s7o_T3_C3,1,250650,ns
BM_tc_8r4s7o_T3_C3,1,262807,ns
BM_tc_8r4s7o_T3_C3,1,250071,ns
