name,iterations,real_time,cpu_time,time_unit,bytes_per_second,items_per_second,label,error_occurred,error_message
BM_tc_16r2s15o_np_np,10,175777.000549715,ns
BM_tc_16r2s15o_np_np,10,232787.9992662929,ns
BM_tc_16r2s15o_np_np,10,174603.99976698682,ns
BM_tc_16r2s15o_np_np,10,362074.9994297512,ns
BM_tc_16r2s15o_np_np,10,175076.99521956965,ns
BM_tc_16r2s15o_np_np,10,172903.00456807017,ns
BM_tc_16r2s15o_np_np,10,172496.00205104798,ns
BM_tc_16r2s15o_np_np,10,179223.0032151565,ns
BM_tc_16r2s15o_np_np,10,133836.0016234219,ns
BM_tc_16r2s15o_np_np,10,131567.00151739642,ns
BM_tc_2r128s1o_np_np,10,77193.00629105419,ns
BM_tc_2r128s1o_np_np,10,76774.99525016174,ns
BM_tc_2r128s1o_np_np,10,76142.00148964301,ns
BM_tc_2r128s1o_np_np,10,92734.00064557791,ns
BM_tc_2r128s1o_np_np,10,77889.99937474728,ns
BM_tc_2r128s1o_np_np,10,76356.99876118451,ns
BM_tc_2r128s1o_np_np,10,76243.99586347863,ns
BM_tc_2r128s1o_np_np,10,76094.00199726224,ns
BM_tc_2r128s1o_np_np,10,75989.9994591251,ns
BM_tc_2r128s1o_np_np,10,76117.99810547382,ns
BM_tc_2r16s1o_np_np,10,10196.999937761575,ns
BM_tc_2r16s1o_np_np,10,9614.006557967514,ns
BM_tc_2r16s1o_np_np,10,9246.003173757344,ns
BM_tc_2r16s1o_np_np,10,9123.999916482717,ns
BM_tc_2r16s1o_np_np,10,9107.003279495984,ns
BM_tc_2r16s1o_np_np,10,9105.002391152084,ns
BM_tc_2r16s1o_np_np,10,8959.00302566588,ns
BM_tc_2r16s1o_np_np,10,8938.994142226875,ns
BM_tc_2r16s1o_np_np,10,8825.998520478606,ns
BM_tc_2r16s1o_np_np,10,8871.997124515474,ns
BM_tc_2r256s1o_np_np,10,518351.0002098046,ns
BM_tc_2r256s1o_np_np,10,537612.9993237555,ns
BM_tc_2r256s1o_np_np,10,498646.0044165142,ns
BM_tc_2r256s1o_np_np,10,534838.0000214092,ns
BM_tc_2r256s1o_np_np,10,496098.99724600837,ns
BM_tc_2r256s1o_np_np,10,499347.9960830882,ns
BM_tc_2r256s1o_np_np,10,497677.996463608,ns
BM_tc_2r256s1o_np_np,10,499980.0003133714,ns
BM_tc_2r256s1o_np_np,10,519640.9983909689,ns
BM_tc_2r256s1o_np_np,10,557587.9986281507,ns
BM_tc_2r2s1o_np_np,10,8931.005140766501,ns
BM_tc_2r2s1o_np_np,10,14871.002349536866,ns
BM_tc_2r2s1o_np_np,10,8786.999387666583,ns
BM_tc_2r2s1o_np_np,10,8435.99991640076,ns
BM_tc_2r2s1o_np_np,10,8461.996912956238,ns
BM_tc_2r2s1o_np_np,10,8561.000868212432,ns
BM_tc_2r2s1o_np_np,10,8606.9994722493,ns
BM_tc_2r2s1o_np_np,10,9398.99473451078,ns
BM_tc_2r2s1o_np_np,10,8595.00141814351,ns
BM_tc_2r2s1o_np_np,10,8505.994628649205,ns
BM_tc_2r32s1o_np_np,10,11349.99911300838,ns
BM_tc_2r32s1o_np_np,10,11281.998013146222,ns
BM_tc_2r32s1o_np_np,10,10734.998795669526,ns
BM_tc_2r32s1o_np_np,10,10651.994671206921,ns
BM_tc_2r32s1o_np_np,10,10652.998753357679,ns
BM_tc_2r32s1o_np_np,10,10652.998753357679,ns
BM_tc_2r32s1o_np_np,10,10643.998393788934,ns
BM_tc_2r32s1o_np_np,10,10791.001841425896,ns
BM_tc_2r32s1o_np_np,10,10626.004950609058,ns
BM_tc_2r32s1o_np_np,10,10546.99532687664,ns
BM_tc_2r4s1o_np_np,10,8803.996024653316,ns
BM_tc_2r4s1o_np_np,10,8700.997568666935,ns
BM_tc_2r4s1o_np_np,10,8317.998435813934,ns
BM_tc_2r4s1o_np_np,10,8364.004315808415,ns
BM_tc_2r4s1o_np_np,10,8294.002327602357,ns
BM_tc_2r4s1o_np_np,10,8381.000952795148,ns
BM_tc_2r4s1o_np_np,10,8297.0000221394,ns
BM_tc_2r4s1o_np_np,10,8380.993676837534,ns
BM_tc_2r4s1o_np_np,10,8323.004294652492,ns
BM_tc_2r4s1o_np_np,10,8249.997335951775,ns
BM_tc_2r64s1o_np_np,10,19592.99697773531,ns
BM_tc_2r64s1o_np_np,10,19491.99941009283,ns
BM_tc_2r64s1o_np_np,10,19186.998542863876,ns
BM_tc_2r64s1o_np_np,10,19819.99957934022,ns
BM_tc_2r64s1o_np_np,10,19439.99814102426,ns
BM_tc_2r64s1o_np_np,10,19162.995158694685,ns
BM_tc_2r64s1o_np_np,10,19483.99585671723,ns
BM_tc_2r64s1o_np_np,10,24159.002350643277,ns
BM_tc_2r64s1o_np_np,10,19448.001694399863,ns
BM_tc_2r64s1o_np_np,10,19183.00404213369,ns
BM_tc_2r8s1o_np_np,10,9280.003723688424,ns
BM_tc_2r8s1o_np_np,10,8857.001375872642,ns
BM_tc_2r8s1o_np_np,10,8540.002454537898,ns
BM_tc_2r8s1o_np_np,10,8710.994734428823,ns
BM_tc_2r8s1o_np_np,10,8483.002602588385,ns
BM_tc_2r8s1o_np_np,10,8761.999197304249,ns
BM_tc_2r8s1o_np_np,10,8569.993951823562,ns
BM_tc_2r8s1o_np_np,10,8563.001756556332,ns
BM_tc_2r8s1o_np_np,10,8516.99587656185,ns
BM_tc_2r8s1o_np_np,10,8640.003215987235,ns
BM_tc_3r15s1o_np_np,10,51554.00140210986,ns
BM_tc_3r15s1o_np_np,10,51425.99547980353,ns
BM_tc_3r15s1o_np_np,10,51032.0023749955,ns
BM_tc_3r15s1o_np_np,10,50818.00190964714,ns
BM_tc_3r15s1o_np_np,10,50857.00104245916,ns
BM_tc_3r15s1o_np_np,10,50860.99554318935,ns
BM_tc_3r15s1o_np_np,10,50747.99992144108,ns
BM_tc_3r15s1o_np_np,10,62570.994487032294,ns
BM_tc_3r15s1o_np_np,10,52654.002502094954,ns
BM_tc_3r15s1o_np_np,10,50639.00607638061,ns
BM_tc_3r16s1o_np_np,10,64250.001742038876,ns
BM_tc_3r16s1o_np_np,10,89508.00111051649,ns
BM_tc_3r16s1o_np_np,10,65469.99793499708,ns
BM_tc_3r16s1o_np_np,10,64079.00218619034,ns
BM_tc_3r16s1o_np_np,10,63765.00095939264,ns
BM_tc_3r16s1o_np_np,10,131974.0040344186,ns
BM_tc_3r16s1o_np_np,10,82958.00216728821,ns
BM_tc_3r16s1o_np_np,10,65961.99818886817,ns
BM_tc_3r16s1o_np_np,10,71282.00377337635,ns
BM_tc_3r16s1o_np_np,10,89029.9997990951,ns
BM_tc_3r31s1o_np_np,10,1109889.9994976819,ns
BM_tc_3r31s1o_np_np,10,1107790.9948653542,ns
BM_tc_3r31s1o_np_np,10,1101423.9935320802,ns
BM_tc_3r31s1o_np_np,10,1127896.9977865927,ns
BM_tc_3r31s1o_np_np,10,1116845.9968757816,ns
BM_tc_3r31s1o_np_np,10,1133854.9957145005,ns
BM_tc_3r31s1o_np_np,10,1113334.9980809726,ns
BM_tc_3r31s1o_np_np,10,1143859.000876546,ns
BM_tc_3r31s1o_np_np,10,1108796.0010627285,ns
BM_tc_3r31s1o_np_np,10,1103141.9999198988,ns
BM_tc_3r32s1o_np_np,10,1334840.9993341193,ns
BM_tc_3r32s1o_np_np,10,1336358.0001168884,ns
BM_tc_3r32s1o_np_np,10,1317592.9998396896,ns
BM_tc_3r32s1o_np_np,10,1316077.0031390712,ns
BM_tc_3r32s1o_np_np,10,1360734.0006274171,ns
BM_tc_3r32s1o_np_np,10,1323682.998190634,ns
BM_tc_3r32s1o_np_np,10,1349943.0060619488,ns
BM_tc_3r32s1o_np_np,10,1413734.9935481325,ns
BM_tc_3r32s1o_np_np,10,1326521.9968161546,ns
BM_tc_3r32s1o_np_np,10,1341647.0028460026,ns
BM_tc_3r4s1o_np_np,10,9955.001587513834,ns
BM_tc_3r4s1o_np_np,10,9547.999070491642,ns
BM_tc_3r4s1o_np_np,10,9259.99484024942,ns
BM_tc_3r4s1o_np_np,10,9264.003892894834,ns
BM_tc_3r4s1o_np_np,10,18280.996300745755,ns
BM_tc_3r4s1o_np_np,10,9791.00150289014,ns
BM_tc_3r4s1o_np_np,10,17654.005205258727,ns
BM_tc_3r4s1o_np_np,10,9340.00127017498,ns
BM_tc_3r4s1o_np_np,10,9171.999408863485,ns
BM_tc_3r4s1o_np_np,10,11952.004570048302,ns
BM_tc_3r7s1o_np_np,10,11315.001756884158,ns
BM_tc_3r7s1o_np_np,10,11137.999536003917,ns
BM_tc_3r7s1o_np_np,10,10842.99583453685,ns
BM_tc_3r7s1o_np_np,10,10800.999007187784,ns
BM_tc_3r7s1o_np_np,10,10856.99477698654,ns
BM_tc_3r7s1o_np_np,10,10741.001460701227,ns
BM_tc_3r7s1o_np_np,10,10520.00152412802,ns
BM_tc_3r7s1o_np_np,10,10605.996067170054,ns
BM_tc_3r7s1o_np_np,10,10498.995834495872,ns
BM_tc_3r7s1o_np_np,10,10641.00069925189,ns
BM_tc_3r8s1o_np_np,10,12379.001418594271,ns
BM_tc_3r8s1o_np_np,10,12237.003829795867,ns
BM_tc_3r8s1o_np_np,10,12027.994671370834,ns
BM_tc_3r8s1o_np_np,10,11768.002877943218,ns
BM_tc_3r8s1o_np_np,10,11455.995263531804,ns
BM_tc_3r8s1o_np_np,10,11577.001714613289,ns
BM_tc_3r8s1o_np_np,10,11674.004781525582,ns
BM_tc_3r8s1o_np_np,10,11557.000107131898,ns
BM_tc_3r8s1o_np_np,10,11727.999662980437,ns
BM_tc_3r8s1o_np_np,10,11609.99818239361,ns
BM_tc_4r2s2o_np_np,10,9827.00294116512,ns
BM_tc_4r2s2o_np_np,10,9655.996109358966,ns
BM_tc_4r2s2o_np_np,10,9416.00592341274,ns
BM_tc_4r2s2o_np_np,10,9348.99435378611,ns
BM_tc_4r2s2o_np_np,10,9300.005331169814,ns
BM_tc_4r2s2o_np_np,10,9521.005267743021,ns
BM_tc_4r2s2o_np_np,10,9523.006156086922,ns
BM_tc_4r2s2o_np_np,10,9430.994396097958,ns
BM_tc_4r2s2o_np_np,10,14860.997907817364,ns
BM_tc_4r2s2o_np_np,10,9833.99513643235,ns
BM_tc_4r4s2o_np_np,10,10301.999282091856,ns
BM_tc_4r4s2o_np_np,10,10095.005563925952,ns
BM_tc_4r4s2o_np_np,10,9880.001016426831,ns
BM_tc_4r4s2o_np_np,10,9792.995115276426,ns
BM_tc_4r4s2o_np_np,10,9828.996553551406,ns
BM_tc_4r4s2o_np_np,10,9863.004379440099,ns
BM_tc_4r4s2o_np_np,10,9664.996468927711,ns
BM_tc_4r4s2o_np_np,10,9680.9962997213,ns
BM_tc_4r4s2o_np_np,10,9666.997357271612,ns
BM_tc_4r4s2o_np_np,10,9758.994565345347,ns
BM_tc_4r7s1o_np_np,10,80033.99852896109,ns
BM_tc_4r7s1o_np_np,10,79823.99984030053,ns
BM_tc_4r7s1o_np_np,10,79865.00713741407,ns
BM_tc_4r7s1o_np_np,10,78981.00011516362,ns
BM_tc_4r7s1o_np_np,10,79311.00117275491,ns
BM_tc_4r7s1o_np_np,10,79548.00094012171,ns
BM_tc_4r7s1o_np_np,10,79319.00472613052,ns
BM_tc_4r7s1o_np_np,10,79352.99800010398,ns
BM_tc_4r7s1o_np_np,10,79532.00110932812,ns
BM_tc_4r7s1o_np_np,10,79284.00009404868,ns
BM_tc_4r8s1o_np_np,10,160546.99517553672,ns
BM_tc_4r8s1o_np_np,10,166306.99974484742,ns
BM_tc_4r8s1o_np_np,10,160103.99849619716,ns
BM_tc_4r8s1o_np_np,10,166236.99775664136,ns
BM_tc_4r8s1o_np_np,10,161342.00268425047,ns
BM_tc_4r8s1o_np_np,10,159922.0049683936,ns
BM_tc_4r8s1o_np_np,10,160054.99492166564,ns
BM_tc_4r8s1o_np_np,10,160359.9957888946,ns
BM_tc_4r8s1o_np_np,10,159900.99927876145,ns
BM_tc_4r8s1o_np_np,10,160520.99817898124,ns
BM_tc_4r8s2o_np_np,10,20616.993424482644,ns
BM_tc_4r8s2o_np_np,10,43176.00541980937,ns
BM_tc_4r8s2o_np_np,10,20715.997379738837,ns
BM_tc_4r8s2o_np_np,10,23707.005311734974,ns
BM_tc_4r8s2o_np_np,10,20302.999473642558,ns
BM_tc_4r8s2o_np_np,10,21004.998416174203,ns
BM_tc_4r8s2o_np_np,10,20139.996195212007,ns
BM_tc_4r8s2o_np_np,10,19983.999663963914,ns
BM_tc_4r8s2o_np_np,10,20079.001842532307,ns
BM_tc_4r8s2o_np_np,10,19733.00095414743,ns
BM_tc_5r7s2o_np_np,10,235655.0030526705,ns
BM_tc_5r7s2o_np_np,10,222594.00429902598,ns
BM_tc_5r7s2o_np_np,10,220273.00292393193,ns
BM_tc_5r7s2o_np_np,10,219877.99846101552,ns
BM_tc_5r7s2o_np_np,10,219442.0012529008,ns
BM_tc_5r7s2o_np_np,10,226335.00338997692,ns
BM_tc_5r7s2o_np_np,10,219893.00148561597,ns
BM_tc_5r7s2o_np_np,10,219516.00501779467,ns
BM_tc_5r7s2o_np_np,10,219504.9964939244,ns
BM_tc_5r7s2o_np_np,10,225190.0004921481,ns
BM_tc_5r8s2o_np_np,10,536494.0006984398,ns
BM_tc_5r8s2o_np_np,10,563225.9999401867,ns
BM_tc_5r8s2o_np_np,10,542831.0032584704,ns
BM_tc_5r8s2o_np_np,10,543443.0058812723,ns
BM_tc_5r8s2o_np_np,10,538496.0022638552,ns
BM_tc_5r8s2o_np_np,10,567062.9980158992,ns
BM_tc_5r8s2o_np_np,10,544777.9985843226,ns
BM_tc_5r8s2o_np_np,10,541747.001989279,ns
BM_tc_5r8s2o_np_np,10,543333.9974842966,ns
BM_tc_5r8s2o_np_np,10,560186.0029855743,ns
BM_tc_6r2s3o_np_np,10,11348.995030857623,ns
BM_tc_6r2s3o_np_np,10,11134.99456550926,ns
BM_tc_6r2s3o_np_np,10,16887.99966359511,ns
BM_tc_6r2s3o_np_np,10,10538.999049458653,ns
BM_tc_6r2s3o_np_np,10,10433.002898935229,ns
BM_tc_6r2s3o_np_np,10,10570.998711045831,ns
BM_tc_6r2s3o_np_np,10,10406.001820228994,ns
BM_tc_6r2s3o_np_np,10,10353.003744967282,ns
BM_tc_6r2s3o_np_np,10,10443.99687089026,ns
BM_tc_6r2s3o_np_np,10,10395.000572316349,ns
BM_tc_6r2s5o_np_np,10,11135.998647660017,ns
BM_tc_6r2s5o_np_np,10,11465.999705251306,ns
BM_tc_6r2s5o_np_np,10,11020.005331374705,ns
BM_tc_6r2s5o_np_np,10,10766.998457256705,ns
BM_tc_6r2s5o_np_np,10,10933.996236417443,ns
BM_tc_6r2s5o_np_np,10,10731.993825174868,ns
BM_tc_6r2s5o_np_np,10,10723.99754775688,ns
BM_tc_6r2s5o_np_np,10,11189.003998879343,ns
BM_tc_6r2s5o_np_np,10,10736.999684013426,ns
BM_tc_6r2s5o_np_np,10,10765.994375105947,ns
BM_tc_6r3s3o_np_np,10,12948.003131896257,ns
BM_tc_6r3s3o_np_np,10,12764.001439791173,ns
BM_tc_6r3s3o_np_np,10,12415.999663062394,ns
BM_tc_6r3s3o_np_np,10,12361.000699456781,ns
BM_tc_6r3s3o_np_np,10,12248.994607944041,ns
BM_tc_6r3s3o_np_np,10,12205.004168208688,ns
BM_tc_6r3s3o_np_np,10,12185.002560727298,ns
BM_tc_6r3s3o_np_np,10,12199.001503176987,ns
BM_tc_6r3s3o_np_np,10,12311.000318732113,ns
BM_tc_6r3s3o_np_np,10,12251.9995784387,ns
BM_tc_6r3s5o_np_np,10,13345.001207198948,ns
BM_tc_6r3s5o_np_np,10,13128.003047313541,ns
BM_tc_6r3s5o_np_np,10,13085.99894400686,ns
BM_tc_6r3s5o_np_np,10,19027.997041121125,ns
BM_tc_6r3s5o_np_np,10,12901.000445708632,ns
BM_tc_6r3s5o_np_np,10,12825.003068428487,ns
BM_tc_6r3s5o_np_np,10,12664.997484534979,ns
BM_tc_6r3s5o_np_np,10,12710.996088571846,ns
BM_tc_6r3s5o_np_np,10,12791.99932469055,ns
BM_tc_6r3s5o_np_np,10,13265.002053231,ns
BM_tc_6r4s5o_np_np,10,15825.004084035754,ns
BM_tc_6r4s5o_np_np,10,15532.99807710573,ns
BM_tc_6r4s5o_np_np,10,15267.003618646413,ns
BM_tc_6r4s5o_np_np,10,14986.995665822178,ns
BM_tc_6r4s5o_np_np,10,15215.002349577844,ns
BM_tc_6r4s5o_np_np,10,14905.999705661088,ns
BM_tc_6r4s5o_np_np,10,14796.998584643006,ns
BM_tc_6r4s5o_np_np,10,14833.000022917986,ns
BM_tc_6r4s5o_np_np,10,14902.99473516643,ns
BM_tc_6r4s5o_np_np,10,27580.994355957955,ns
BM_tc_6r7s3o_np_np,10,1200001.9996776246,ns
BM_tc_6r7s3o_np_np,10,1201334.0019620955,ns
BM_tc_6r7s3o_np_np,10,1208586.9966540486,ns
BM_tc_6r7s3o_np_np,10,1197122.001030948,ns
BM_tc_6r7s3o_np_np,10,1195650.9988522157,ns
BM_tc_6r7s3o_np_np,10,1195315.0024055503,ns
BM_tc_6r7s3o_np_np,10,1222692.9975440726,ns
BM_tc_6r7s3o_np_np,10,1208234.0035703965,ns
BM_tc_6r7s3o_np_np,10,1219678.9975860156,ns
BM_tc_6r7s3o_np_np,10,1203489.002364222,ns
BM_tc_7r2s6o_np_np,10,11937.001545447856,ns
BM_tc_7r2s6o_np_np,10,12135.00218000263,ns
BM_tc_7r2s6o_np_np,10,11891.999747604132,ns
BM_tc_7r2s6o_np_np,10,11594.995157793164,ns
BM_tc_7r2s6o_np_np,10,21373.998606577516,ns
BM_tc_7r2s6o_np_np,10,12095.995771232992,ns
BM_tc_7r2s6o_np_np,10,11550.997442100197,ns
BM_tc_7r2s6o_np_np,10,11479.998647700995,ns
BM_tc_7r2s6o_np_np,10,11401.003575883806,ns
BM_tc_7r2s6o_np_np,10,11533.003998920321,ns
BM_tc_7r8s6o_np_np,10,1829193.9995833673,ns
BM_tc_7r8s6o_np_np,10,1813729.9994123168,ns
BM_tc_7r8s6o_np_np,10,1871623.0042628013,ns
BM_tc_7r8s6o_np_np,10,1941531.0016484,ns
BM_tc_7r8s6o_np_np,10,2009210.002142936,ns
BM_tc_7r8s6o_np_np,10,1931924.998643808,ns
BM_tc_7r8s6o_np_np,10,1886828.9989768527,ns
BM_tc_7r8s6o_np_np,10,1794929.0049728006,ns
BM_tc_7r8s6o_np_np,10,1814162.9989258945,ns
BM_tc_7r8s6o_np_np,10,1782858.9989221655,ns
BM_tc_8r2s7o_np_np,10,13532.000593841076,ns
BM_tc_8r2s7o_np_np,10,13147.000572644174,ns
BM_tc_8r2s7o_np_np,10,12816.999515052885,ns
BM_tc_8r2s7o_np_np,10,12746.997526846826,ns
BM_tc_8r2s7o_np_np,10,12607.997632585466,ns
BM_tc_8r2s7o_np_np,10,12607.000826392323,ns
BM_tc_8r2s7o_np_np,10,12276.00296260789,ns
BM_tc_8r2s7o_np_np,10,12496.006092987955,ns
BM_tc_8r2s7o_np_np,10,12290.998711250722,ns
BM_tc_8r2s7o_np_np,10,12454.998795874417,ns
