name,build_time,max_rss_kb
t1_c1_2_16_1,0.70,157800
t1_c1_2_16_1,0.73,157608
t1_c1_2_16_1,0.67,157900
t1_c1_2_16_1,0.65,157640
t1_c1_2_16_1,0.74,158024
t1_c1_2_16_1,0.72,157960
t1_c1_2_16_1,1.07,157636
t1_c1_2_16_1,1.07,157804
t1_c1_2_16_1,1.06,157636
t1_c1_2_16_1,0.99,157852
t1_c1_2_2_1,0.73,155452
t1_c1_2_2_1,0.84,155424
t1_c1_2_2_1,0.73,155804
t1_c1_2_2_1,0.68,155820
t1_c1_2_2_1,0.65,155804
t1_c1_2_2_1,0.88,155648
t1_c1_2_2_1,1.06,155668
t1_c1_2_2_1,1.07,155556
t1_c1_2_2_1,1.07,155772
t1_c1_2_2_1,0.82,155456
t1_c1_2_32_1,0.86,158296
t1_c1_2_32_1,0.74,158640
t1_c1_2_32_1,0.68,158612
t1_c1_2_32_1,0.89,158664
t1_c1_2_32_1,0.88,158748
t1_c1_2_32_1,0.88,158436
t1_c1_2_32_1,0.65,158512
t1_c1_2_32_1,0.75,158384
t1_c1_2_32_1,0.69,158380
t1_c1_2_32_1,0.66,158320
t1_c1_2_4_1,1.05,155784
t1_c1_2_4_1,1.05,155796
t1_c1_2_4_1,1.08,155568
t1_c1_2_4_1,1.05,155816
t1_c1_2_4_1,0.85,155560
t1_c1_2_4_1,0.73,155508
t1_c1_2_4_1,0.87,155668
t1_c1_2_4_1,0.66,155776
t1_c1_2_4_1,0.66,155552
t1_c1_2_4_1,0.91,155504
t1_c1_2_64_1,1.09,163120
t1_c1_2_64_1,1.10,163248
t1_c1_2_64_1,1.11,163228
t1_c1_2_64_1,0.92,162916
t1_c1_2_64_1,0.68,163492
t1_c1_2_64_1,0.90,163104
t1_c1_2_64_1,0.76,163500
t1_c1_2_64_1,0.78,163124
t1_c1_2_64_1,0.94,163252
t1_c1_2_64_1,1.11,163252
t1_c1_2_8_1,1.08,155888
t1_c1_2_8_1,1.06,155448
t1_c1_2_8_1,0.80,155568
t1_c1_2_8_1,0.86,155816
t1_c1_2_8_1,0.66,155780
t1_c1_2_8_1,0.87,155812
t1_c1_2_8_1,0.74,155432
t1_c1_2_8_1,0.96,155780
t1_c1_2_8_1,1.08,155536
t1_c1_2_8_1,1.07,155872
t1_c1_3_16_1,1.10,163116
t1_c1_3_16_1,0.83,163276
t1_c1_3_16_1,0.77,163244
t1_c1_3_16_1,0.77,163512
t1_c1_3_16_1,0.72,163512
t1_c1_3_16_1,0.71,163220
t1_c1_3_16_1,0.83,163480
t1_c1_3_16_1,1.10,163124
t1_c1_3_16_1,1.10,163220
t1_c1_3_16_1,1.11,163280
t1_c1_3_16_2,0.92,163504
t1_c1_3_16_2,0.71,163272
t1_c1_3_16_2,0.77,163092
t1_c1_3_16_2,0.93,163124
t1_c1_3_16_2,0.77,163320
t1_c1_3_16_2,0.83,163376
t1_c1_3_16_2,1.11,163148
t1_c1_3_16_2,1.10,163316
t1_c1_3_16_2,1.11,163416
t1_c1_3_16_2,1.01,163516
t1_c1_3_2_1,0.68,155652
t1_c1_3_2_1,0.66,155456
t1_c1_3_2_1,0.67,155700
t1_c1_3_2_1,0.75,155820
t1_c1_3_2_1,0.76,155696
t1_c1_3_2_1,0.94,155720
t1_c1_3_2_1,1.08,155528
t1_c1_3_2_1,1.08,155816
t1_c1_3_2_1,1.08,155684
t1_c1_3_2_1,0.74,155792
t1_c1_3_2_2,0.67,155672
t1_c1_3_2_2,0.75,155452
t1_c1_3_2_2,0.67,155804
t1_c1_3_2_2,0.76,155800
t1_c1_3_2_2,0.92,155892
t1_c1_3_2_2,1.08,155412
t1_c1_3_2_2,1.06,155824
t1_c1_3_2_2,1.07,155792
t1_c1_3_2_2,0.94,155584
t1_c1_3_2_2,0.67,155804
t1_c1_3_32_1,1.13,203744
t1_c1_3_32_1,1.15,203692
t1_c1_3_32_1,1.15,203872
t1_c1_3_32_1,0.88,203660
t1_c1_3_32_1,1.12,203680
t1_c1_3_32_1,1.16,203612
t1_c1_3_32_1,1.21,203792
t1_c1_3_32_1,1.35,203708
t1_c1_3_32_1,1.36,203632
t1_c1_3_32_1,1.21,203892
t1_c1_3_32_2,0.89,203844
t1_c1_3_32_2,0.89,203744
t1_c1_3_32_2,0.89,203748
t1_c1_3_32_2,0.90,203468
t1_c1_3_32_2,1.20,203820
t1_c1_3_32_2,1.33,203656
t1_c1_3_32_2,1.33,203872
t1_c1_3_32_2,1.13,203864
t1_c1_3_32_2,1.14,203844
t1_c1_3_32_2,0.96,203604
t1_c1_3_4_1,0.70,155548
t1_c1_3_4_1,0.68,155780
t1_c1_3_4_1,1.04,155512
t1_c1_3_4_1,1.07,155540
t1_c1_3_4_1,1.06,155796
t1_c1_3_4_1,1.05,155528
t1_c1_3_4_1,0.68,155540
t1_c1_3_4_1,0.90,155792
t1_c1_3_4_1,0.75,155884
t1_c1_3_4_1,0.90,155780
t1_c1_3_4_2,0.66,155576
t1_c1_3_4_2,0.93,155812
t1_c1_3_4_2,1.07,155776
t1_c1_3_4_2,1.06,155748
t1_c1_3_4_2,1.08,155652
t1_c1_3_4_2,0.92,155788
t1_c1_3_4_2,0.69,155400
t1_c1_3_4_2,0.84,155728
t1_c1_3_4_2,0.70,155420
t1_c1_3_4_2,0.76,155612
t1_c1_3_8_1,0.98,158068
t1_c1_3_8_1,1.08,158320
t1_c1_3_8_1,1.07,158304
t1_c1_3_8_1,1.09,158076
t1_c1_3_8_1,0.81,158336
t1_c1_3_8_1,0.76,158108
t1_c1_3_8_1,0.77,158332
t1_c1_3_8_1,0.76,158064
t1_c1_3_8_1,0.78,158312
t1_c1_3_8_1,0.70,158348
t1_c1_3_8_2,1.08,158352
t1_c1_3_8_2,1.08,158164
t1_c1_3_8_2,1.07,158076
t1_c1_3_8_2,0.97,158080
t1_c1_3_8_2,0.89,157968
t1_c1_3_8_2,0.76,157976
t1_c1_3_8_2,0.68,158120
t1_c1_3_8_2,0.77,158432
t1_c1_3_8_2,0.70,158348
t1_c1_3_8_2,1.00,158316
t1_c1_4_16_2,1.61,258400
t1_c1_4_16_2,1.62,257824
t1_c1_4_16_2,1.20,258240
t1_c1_4_16_2,1.04,257956
t1_c1_4_16_2,1.18,257804
t1_c1_4_16_2,1.23,257792
t1_c1_4_16_2,1.63,258196
t1_c1_4_16_2,1.61,257920
t1_c1_4_16_2,1.20,258172
t1_c1_4_16_2,1.10,258088
t1_c1_4_2_2,0.76,155440
t1_c1_4_2_2,0.79,155424
t1_c1_4_2_2,0.70,155820
t1_c1_4_2_2,1.03,155412
t1_c1_4_2_2,1.07,155500
t1_c1_4_2_2,1.06,155764
t1_c1_4_2_2,1.04,155560
t1_c1_4_2_2,0.67,155772
t1_c1_4_2_2,0.70,155456
t1_c1_4_2_2,0.92,155696
t1_c1_4_4_2,0.93,157940
t1_c1_4_4_2,0.93,158004
t1_c1_4_4_2,1.07,157616
t1_c1_4_4_2,1.07,157696
t1_c1_4_4_2,1.08,157648
t1_c1_4_4_2,0.99,157912
t1_c1_4_4_2,0.90,157932
t1_c1_4_4_2,0.75,157968
t1_c1_4_4_2,0.77,158084
t1_c1_4_4_2,0.80,157716
t1_c1_4_8_2,0.84,163136
t1_c1_4_8_2,1.10,163528
t1_c1_4_8_2,1.10,163340
t1_c1_4_8_2,1.11,163456
t1_c1_4_8_2,0.97,163268
t1_c1_4_8_2,0.78,163208
t1_c1_4_8_2,0.80,163104
t1_c1_4_8_2,0.69,163152
t1_c1_4_8_2,0.80,163276
t1_c1_4_8_2,0.96,163480
t1_c1_5_2_2,1.06,155420
t1_c1_5_2_2,1.06,155780
t1_c1_5_2_2,1.07,155648
t1_c1_5_2_2,0.97,155384
t1_c1_5_2_2,0.75,155896
t1_c1_5_2_2,0.90,155888
t1_c1_5_2_2,0.92,155424
t1_c1_5_2_2,0.93,155508
t1_c1_5_2_2,0.88,155808
t1_c1_5_2_2,1.06,155448
t1_c1_5_2_3,1.07,155536
t1_c1_5_2_3,1.07,155716
t1_c1_5_2_3,0.89,155784
t1_c1_5_2_3,0.67,155496
t1_c1_5_2_3,0.70,155784
t1_c1_5_2_3,0.76,155812
t1_c1_5_2_3,0.91,155420
t1_c1_5_2_3,0.71,155820
t1_c1_5_2_3,1.06,155428
t1_c1_5_2_3,1.08,155788
t1_c1_5_3_2,1.07,157844
t1_c1_5_3_2,1.03,157924
t1_c1_5_3_2,0.89,157592
t1_c1_5_3_2,0.76,157596
t1_c1_5_3_2,0.90,158048
t1_c1_5_3_2,0.76,157876
t1_c1_5_3_2,0.81,157844
t1_c1_5_3_2,1.08,157688
t1_c1_5_3_2,1.07,157948
t1_c1_5_3_2,1.08,157512
t1_c1_5_4_2,1.01,158624
t1_c1_5_4_2,0.76,158596
t1_c1_5_4_2,0.69,158692
t1_c1_5_4_2,0.78,158392
t1_c1_5_4_2,0.78,158508
t1_c1_5_4_2,0.77,158620
t1_c1_5_4_2,1.05,158464
t1_c1_5_4_2,1.09,158480
t1_c1_5_4_2,1.07,158364
t1_c1_5_4_2,1.04,158296
t1_c1_5_4_3,0.68,158348
t1_c1_5_4_3,0.67,158428
t1_c1_5_4_3,0.68,158356
t1_c1_5_4_3,0.69,158504
t1_c1_5_4_3,0.94,158656
t1_c1_5_4_3,0.92,158448
t1_c1_5_4_3,1.08,158624
t1_c1_5_4_3,1.07,158672
t1_c1_5_4_3,1.09,158448
t1_c1_5_4_3,0.85,158600
t1_c1_5_8_2,0.96,203760
t1_c1_5_8_2,1.18,203788
t1_c1_5_8_2,0.97,203476
t1_c1_5_8_2,1.03,203604
t1_c1_5_8_2,1.35,203892
t1_c1_5_8_2,1.34,203340
t1_c1_5_8_2,1.22,203708
t1_c1_5_8_2,0.84,203696
t1_c1_5_8_2,1.18,203740
t1_c1_5_8_2,0.85,203888
t1_c1_5_8_3,0.86,205816
t1_c1_5_8_3,1.31,205540
t1_c1_5_8_3,1.34,205812
t1_c1_5_8_3,1.34,205848
t1_c1_5_8_3,0.93,205552
t1_c1_5_8_3,0.86,205416
t1_c1_5_8_3,0.99,205892
t1_c1_5_8_3,1.19,205628
t1_c1_5_8_3,1.31,205440
t1_c1_5_8_3,1.36,205776
t1_c1_6_2_3,1.07,155528
t1_c1_6_2_3,1.02,155892
t1_c1_6_2_3,0.72,155860
t1_c1_6_2_3,0.94,155400
t1_c1_6_2_3,0.75,155740
t1_c1_6_2_3,0.72,155768
t1_c1_6_2_3,0.97,155800
t1_c1_6_2_3,1.07,155504
t1_c1_6_2_3,1.08,155368
t1_c1_6_2_3,1.07,155884
t1_c1_6_4_3,0.97,163472
t1_c1_6_4_3,0.78,163152
t1_c1_6_4_3,0.74,163220
t1_c1_6_4_3,0.71,163504
t1_c1_6_4_3,0.95,163644
t1_c1_6_4_3,0.77,163440
t1_c1_6_4_3,1.10,163352
t1_c1_6_4_3,1.10,163356
t1_c1_6_4_3,1.11,163508
t1_c1_6_4_3,1.11,163508
t2_c1_2_16_1,1.06,156000
t2_c1_2_16_1,1.06,155984
t2_c1_2_16_1,1.04,155832
t2_c1_2_16_1,0.90,156004
t2_c1_2_16_1,0.71,155716
t2_c1_2_16_1,0.92,155624
t2_c1_2_16_1,0.74,155952
t2_c1_2_16_1,0.68,155968
t2_c1_2_16_1,0.75,155900
t2_c1_2_16_1,1.04,155776
t2_c1_2_2_1,1.06,155820
t2_c1_2_2_1,1.05,155684
t2_c1_2_2_1,1.03,155664
t2_c1_2_2_1,0.65,155772
t2_c1_2_2_1,0.74,155444
t2_c1_2_2_1,0.76,155640
t2_c1_2_2_1,0.70,155820
t2_c1_2_2_1,0.72,155416
t2_c1_2_2_1,0.83,155752
t2_c1_2_2_1,1.06,155740
t2_c1_2_32_1,1.06,156696
t2_c1_2_32_1,1.05,156660
t2_c1_2_32_1,0.91,156612
t2_c1_2_32_1,0.72,156296
t2_c1_2_32_1,0.71,156388
t2_c1_2_32_1,0.92,156448
t2_c1_2_32_1,0.94,156508
t2_c1_2_32_1,0.85,156424
t2_c1_2_32_1,1.07,156264
t2_c1_2_32_1,1.07,156288
t2_c1_2_4_1,1.05,155384
t2_c1_2_4_1,0.89,155728
t2_c1_2_4_1,0.69,155588
t2_c1_2_4_1,0.91,155376
t2_c1_2_4_1,0.69,155864
t2_c1_2_4_1,0.92,155456
t2_c1_2_4_1,0.71,155868
t2_c1_2_4_1,1.08,155804
t2_c1_2_4_1,1.05,155672
t2_c1_2_4_1,1.06,155888
t2_c1_2_64_1,1.00,161032
t2_c1_2_64_1,0.77,161448
t2_c1_2_64_1,0.93,161080
t2_c1_2_64_1,0.71,161420
t2_c1_2_64_1,0.96,161064
t2_c1_2_64_1,0.82,161436
t2_c1_2_64_1,1.08,161372
t2_c1_2_64_1,1.09,161528
t2_c1_2_64_1,1.08,161368
t2_c1_2_64_1,0.97,161328
t2_c1_2_8_1,0.66,155440
t2_c1_2_8_1,0.67,155892
t2_c1_2_8_1,0.76,155656
t2_c1_2_8_1,0.93,155824
t2_c1_2_8_1,0.94,155452
t2_c1_2_8_1,1.04,155712
t2_c1_2_8_1,1.06,155492
t2_c1_2_8_1,1.06,155656
t2_c1_2_8_1,0.99,155800
t2_c1_2_8_1,0.71,155572
t2_c1_3_16_1,0.77,161088
t2_c1_3_16_1,0.79,161500
t2_c1_3_16_1,0.74,161188
t2_c1_3_16_1,0.78,161196
t2_c1_3_16_1,1.05,161088
t2_c1_3_16_1,1.09,161032
t2_c1_3_16_1,1.10,161424
t2_c1_3_16_1,1.10,161212
t2_c1_3_16_1,0.69,161052
t2_c1_3_16_1,0.72,161484
t2_c1_3_16_2,0.78,161136
t2_c1_3_16_2,0.79,161040
t2_c1_3_16_2,0.74,161336
t2_c1_3_16_2,0.94,161348
t2_c1_3_16_2,1.08,161208
t2_c1_3_16_2,1.09,161076
t2_c1_3_16_2,1.10,161432
t2_c1_3_16_2,0.85,161412
t2_c1_3_16_2,0.94,161140
t2_c1_3_16_2,0.97,161140
t2_c1_3_2_1,0.75,155596
t2_c1_3_2_1,0.71,155408
t2_c1_3_2_1,0.93,155652
t2_c1_3_2_1,1.07,155812
t2_c1_3_2_1,1.06,155376
t2_c1_3_2_1,1.06,155368
t2_c1_3_2_1,0.91,155668
t2_c1_3_2_1,0.74,155740
t2_c1_3_2_1,0.66,155356
t2_c1_3_2_1,0.67,155596
t2_c1_3_2_2,0.92,155600
t2_c1_3_2_2,0.81,155560
t2_c1_3_2_2,1.04,155756
t2_c1_3_2_2,1.07,155620
t2_c1_3_2_2,1.05,155744
t2_c1_3_2_2,0.89,155712
t2_c1_3_2_2,0.76,155616
t2_c1_3_2_2,0.71,155760
t2_c1_3_2_2,0.68,155520
t2_c1_3_2_2,0.74,155752
t2_c1_3_32_1,0.85,201652
t2_c1_3_32_1,1.32,201688
t2_c1_3_32_1,1.33,201912
t2_c1_3_32_1,1.33,201848
t2_c1_3_32_1,1.00,201728
t2_c1_3_32_1,0.87,201852
t2_c1_3_32_1,0.96,201720
t2_c1_3_32_1,0.86,201512
t2_c1_3_32_1,1.01,201684
t2_c1_3_32_1,1.33,201560
t2_c1_3_32_2,1.32,201756
t2_c1_3_32_2,1.25,201816
t2_c1_3_32_2,0.88,201676
t2_c1_3_32_2,0.85,201848
t2_c1_3_32_2,1.19,201568
t2_c1_3_32_2,0.85,201572
t2_c1_3_32_2,1.25,201600
t2_c1_3_32_2,1.33,201492
t2_c1_3_32_2,1.33,201808
t2_c1_3_32_2,1.23,201564
t2_c1_3_4_1,0.75,155484
t2_c1_3_4_1,0.77,155764
t2_c1_3_4_1,0.77,155760
t2_c1_3_4_1,0.93,155412
t2_c1_3_4_1,1.02,155404
t2_c1_3_4_1,1.05,155872
t2_c1_3_4_1,1.06,155764
t2_c1_3_4_1,1.07,155616
t2_c1_3_4_1,0.72,155756
t2_c1_3_4_1,0.73,155520
t2_c1_3_4_2,0.77,155412
t2_c1_3_4_2,0.95,155632
t2_c1_3_4_2,0.67,155372
t2_c1_3_4_2,0.90,155768
t2_c1_3_4_2,1.05,155536
t2_c1_3_4_2,1.07,155772
t2_c1_3_4_2,1.07,155508
t2_c1_3_4_2,0.80,155744
t2_c1_3_4_2,0.67,155804
t2_c1_3_4_2,0.67,155760
t2_c1_3_8_1,0.76,156096
t2_c1_3_8_1,0.67,156084
t2_c1_3_8_1,0.76,156080
t2_c1_3_8_1,0.96,155792
t2_c1_3_8_1,1.07,155868
t2_c1_3_8_1,1.05,155696
t2_c1_3_8_1,1.05,155944
t2_c1_3_8_1,0.78,156084
t2_c1_3_8_1,0.67,156060
t2_c1_3_8_1,0.93,155984
t2_c1_3_8_2,0.95,155808
t2_c1_3_8_2,0.72,155820
t2_c1_3_8_2,0.93,155784
t2_c1_3_8_2,1.05,155808
t2_c1_3_8_2,1.07,156048
t2_c1_3_8_2,1.05,155948
t2_c1_3_8_2,0.94,156096
t2_c1_3_8_2,0.72,156088
t2_c1_3_8_2,0.70,156056
t2_c1_3_8_2,0.67,155992
t2_c1_4_16_2,1.19,274368
t2_c1_4_16_2,1.55,274288
t2_c1_4_16_2,1.60,274368
t2_c1_4_16_2,1.48,274536
t2_c1_4_16_2,1.17,274640
t2_c1_4_16_2,1.19,274600
t2_c1_4_16_2,1.04,274584
t2_c1_4_16_2,1.46,274532
t2_c1_4_16_2,1.59,274464
t2_c1_4_16_2,1.57,274484
t2_c1_4_2_2,0.71,155800
t2_c1_4_2_2,0.72,155604
t2_c1_4_2_2,0.94,155252
t2_c1_4_2_2,0.95,155780
t2_c1_4_2_2,0.75,155540
t2_c1_4_2_2,1.05,155808
t2_c1_4_2_2,1.05,155784
t2_c1_4_2_2,1.05,155780
t2_c1_4_2_2,1.03,155540
t2_c1_4_2_2,0.79,155400
t2_c1_4_4_2,0.76,155684
t2_c1_4_4_2,0.92,155840
t2_c1_4_4_2,0.75,155976
t2_c1_4_4_2,0.68,155996
t2_c1_4_4_2,1.00,155964
t2_c1_4_4_2,1.06,155876
t2_c1_4_4_2,1.07,155808
t2_c1_4_4_2,1.04,155692
t2_c1_4_4_2,0.69,155736
t2_c1_4_4_2,0.75,155968
t2_c1_4_8_2,0.79,161084
t2_c1_4_8_2,0.79,161120
t2_c1_4_8_2,0.74,161344
t2_c1_4_8_2,0.90,161096
t2_c1_4_8_2,1.09,161500
t2_c1_4_8_2,1.08,161288
t2_c1_4_8_2,1.08,161464
t2_c1_4_8_2,0.88,161308
t2_c1_4_8_2,0.70,161112
t2_c1_4_8_2,0.69,161464
t2_c1_5_2_2,0.76,155524
t2_c1_5_2_2,0.69,155620
t2_c1_5_2_2,0.96,155340
t2_c1_5_2_2,1.06,155476
t2_c1_5_2_2,1.06,155444
t2_c1_5_2_2,1.08,155504
t2_c1_5_2_2,1.01,155724
t2_c1_5_2_2,0.94,155828
t2_c1_5_2_2,0.95,155732
t2_c1_5_2_2,0.68,155472
t2_c1_5_2_3,0.94,155368
t2_c1_5_2_3,0.87,155404
t2_c1_5_2_3,1.05,155320
t2_c1_5_2_3,1.07,155716
t2_c1_5_2_3,1.07,155716
t2_c1_5_2_3,0.85,155612
t2_c1_5_2_3,0.72,155760
t2_c1_5_2_3,0.73,155820
t2_c1_5_2_3,0.75,155348
t2_c1_5_2_3,0.78,155656
t2_c1_5_3_2,0.69,155668
t2_c1_5_3_2,1.04,155560
t2_c1_5_3_2,1.07,155828
t2_c1_5_3_2,1.07,155632
t2_c1_5_3_2,1.05,155852
t2_c1_5_3_2,0.71,155440
t2_c1_5_3_2,0.94,155832
t2_c1_5_3_2,0.75,155908
t2_c1_5_3_2,0.93,155480
t2_c1_5_3_2,0.75,155632
t2_c1_5_4_2,1.05,156396
t2_c1_5_4_2,1.07,156368
t2_c1_5_4_2,1.07,156588
t2_c1_5_4_2,1.05,156488
t2_c1_5_4_2,0.69,156344
t2_c1_5_4_2,0.76,156636
t2_c1_5_4_2,0.67,156208
t2_c1_5_4_2,0.76,156200
t2_c1_5_4_2,0.73,156620
t2_c1_5_4_2,0.87,156476
t2_c1_5_4_3,1.07,156552
t2_c1_5_4_3,1.07,156336
t2_c1_5_4_3,1.07,156580
t2_c1_5_4_3,0.85,156560
t2_c1_5_4_3,0.69,156608
t2_c1_5_4_3,0.79,156624
t2_c1_5_4_3,0.80,156668
t2_c1_5_4_3,0.95,156220
t2_c1_5_4_3,0.86,156600
t2_c1_5_4_3,1.07,156244
t2_c1_5_8_2,1.34,201848
t2_c1_5_8_2,1.33,201808
t2_c1_5_8_2,0.91,201484
t2_c1_5_8_2,0.88,201708
t2_c1_5_8_2,1.00,201584
t2_c1_5_8_2,1.01,202048
t2_c1_5_8_2,1.22,201436
t2_c1_5_8_2,1.34,201736
t2_c1_5_8_2,1.33,201896
t2_c1_5_8_2,1.33,201856
t2_c1_5_8_3,1.34,201704
t2_c1_5_8_3,1.33,201576
t2_c1_5_8_3,1.26,201604
t2_c1_5_8_3,0.87,201492
t2_c1_5_8_3,1.20,201456
t2_c1_5_8_3,0.99,201980
t2_c1_5_8_3,1.03,201820
t2_c1_5_8_3,1.34,201840
t2_c1_5_8_3,1.35,201464
t2_c1_5_8_3,1.21,201932
t2_c1_6_2_3,0.76,155280
t2_c1_6_2_3,0.67,155840
t2_c1_6_2_3,0.91,155832
t2_c1_6_2_3,0.67,155480
t2_c1_6_2_3,0.68,155856
t2_c1_6_2_3,1.02,155828
t2_c1_6_2_3,1.04,155816
t2_c1_6_2_3,1.06,155724
t2_c1_6_2_3,1.06,155612
t2_c1_6_2_3,0.72,155800
t2_c1_6_4_3,0.71,161216
t2_c1_6_4_3,0.87,160944
t2_c1_6_4_3,0.80,161088
t2_c1_6_4_3,0.72,161404
t2_c1_6_4_3,0.83,161496
t2_c1_6_4_3,1.09,161076
t2_c1_6_4_3,1.09,161492
t2_c1_6_4_3,1.07,161372
t2_c1_6_4_3,1.01,161472
t2_c1_6_4_3,0.97,161004
t2_c2_2_16_1,0.82,162756
t2_c2_2_16_1,0.72,162872
t2_c2_2_16_1,0.73,162552
t2_c2_2_16_1,1.07,162872
t2_c2_2_16_1,1.12,162816
t2_c2_2_16_1,1.12,162664
t2_c2_2_16_1,1.10,162664
t2_c2_2_16_1,0.83,162944
t2_c2_2_16_1,0.72,162660
t2_c2_2_16_1,0.82,162624
t2_c2_2_2_1,0.71,162468
t2_c2_2_2_1,0.73,162528
t2_c2_2_2_1,0.97,162276
t2_c2_2_2_1,1.12,162388
t2_c2_2_2_1,1.10,162356
t2_c2_2_2_1,1.12,162656
t2_c2_2_2_1,1.12,162656
t2_c2_2_2_1,1.11,162268
t2_c2_2_2_1,1.12,162264
t2_c2_2_2_1,1.09,162460
t2_c2_2_32_1,0.99,163468
t2_c2_2_32_1,0.72,163192
t2_c2_2_32_1,0.75,163188
t2_c2_2_32_1,0.73,163056
t2_c2_2_32_1,1.02,163448
t2_c2_2_32_1,1.13,163268
t2_c2_2_32_1,1.12,163080
t2_c2_2_32_1,1.11,163232
t2_c2_2_32_1,0.97,163460
t2_c2_2_32_1,0.83,163440
t2_c2_2_4_1,0.83,162680
t2_c2_2_4_1,0.82,162364
t2_c2_2_4_1,0.99,162752
t2_c2_2_4_1,0.95,162660
t2_c2_2_4_1,1.11,162528
t2_c2_2_4_1,1.11,162664
t2_c2_2_4_1,1.11,162272
t2_c2_2_4_1,1.11,162244
t2_c2_2_4_1,1.13,162660
t2_c2_2_4_1,1.11,162636
t2_c2_2_64_1,1.05,168136
t2_c2_2_64_1,0.73,168172
t2_c2_2_64_1,0.84,168136
t2_c2_2_64_1,0.75,168048
t2_c2_2_64_1,1.03,168044
t2_c2_2_64_1,0.92,168408
t2_c2_2_64_1,1.15,167972
t2_c2_2_64_1,1.13,168180
t2_c2_2_64_1,1.16,168400
t2_c2_2_64_1,1.15,168000
t2_c2_2_8_1,1.12,162228
t2_c2_2_8_1,1.11,162244
t2_c2_2_8_1,1.11,162632
t2_c2_2_8_1,0.82,162560
t2_c2_2_8_1,0.73,162640
t2_c2_2_8_1,0.71,162488
t2_c2_2_8_1,0.96,162452
t2_c2_2_8_1,0.73,162728
t2_c2_2_8_1,1.02,162612
t2_c2_2_8_1,1.11,162656
t2_c2_3_16_1,1.16,168312
t2_c2_3_16_1,1.13,168348
t2_c2_3_16_1,0.84,168364
t2_c2_3_16_1,1.02,168076
t2_c2_3_16_1,0.85,168068
t2_c2_3_16_1,1.02,167968
t2_c2_3_16_1,1.12,167948
t2_c2_3_16_1,1.15,168336
t2_c2_3_16_1,1.17,168016
t2_c2_3_16_1,1.12,168376
t2_c2_3_16_2,0.74,168424
t2_c2_3_16_2,1.01,168240
t2_c2_3_16_2,0.84,168364
t2_c2_3_16_2,0.74,168228
t2_c2_3_16_2,0.91,168352
t2_c2_3_16_2,1.15,168360
t2_c2_3_16_2,1.15,168056
t2_c2_3_16_2,1.15,168320
t2_c2_3_16_2,1.06,168088
t2_c2_3_16_2,1.02,168212
t2_c2_3_2_1,0.82,162676
t2_c2_3_2_1,0.72,162664
t2_c2_3_2_1,0.83,162408
t2_c2_3_2_1,1.08,162632
t2_c2_3_2_1,1.14,162516
t2_c2_3_2_1,1.11,162376
t2_c2_3_2_1,1.05,162740
t2_c2_3_2_1,0.74,162628
t2_c2_3_2_1,1.00,162564
t2_c2_3_2_1,1.00,162648
t2_c2_3_2_2,0.72,162384
t2_c2_3_2_2,0.94,162652
t2_c2_3_2_2,1.12,162480
t2_c2_3_2_2,1.12,162648
t2_c2_3_2_2,1.14,162356
t2_c2_3_2_2,0.84,162656
t2_c2_3_2_2,0.75,162652
t2_c2_3_2_2,0.73,162384
t2_c2_3_2_2,0.83,162320
t2_c2_3_2_2,0.99,162672
t2_c2_3_32_1,1.22,210796
t2_c2_3_32_1,1.39,210380
t2_c2_3_32_1,1.39,210588
t2_c2_3_32_1,1.08,210576
t2_c2_3_32_1,1.04,210460
t2_c2_3_32_1,0.94,210504
t2_c2_3_32_1,0.91,210372
t2_c2_3_32_1,1.09,210636
t2_c2_3_32_1,1.41,210536
t2_c2_3_32_1,1.39,210384
t2_c2_3_32_2,1.20,210524
t2_c2_3_32_2,0.94,210784
t2_c2_3_32_2,1.27,210768
t2_c2_3_32_2,0.96,210376
t2_c2_3_32_2,1.12,210464
t2_c2_3_32_2,1.41,210800
t2_c2_3_32_2,1.40,210792
t2_c2_3_32_2,1.18,210804
t2_c2_3_32_2,0.91,210632
t2_c2_3_32_2,0.94,210524
t2_c2_3_4_1,0.73,162308
t2_c2_3_4_1,0.83,162508
t2_c2_3_4_1,1.03,162360
t2_c2_3_4_1,1.13,162636
t2_c2_3_4_1,1.12,162544
t2_c2_3_4_1,1.13,162604
t2_c2_3_4_1,0.75,162636
t2_c2_3_4_1,0.82,162708
t2_c2_3_4_1,0.72,162636
t2_c2_3_4_1,0.74,162368
t2_c2_3_4_2,1.00,162552
t2_c2_3_4_2,1.11,162628
t2_c2_3_4_2,1.13,162636
t2_c2_3_4_2,1.13,162484
t2_c2_3_4_2,1.04,162636
t2_c2_3_4_2,0.81,162332
t2_c2_3_4_2,0.84,162256
t2_c2_3_4_2,0.72,162404
t2_c2_3_4_2,0.76,162360
t2_c2_3_4_2,0.75,162596
t2_c2_3_8_1,1.12,162856
t2_c2_3_8_1,1.14,162980
t2_c2_3_8_1,1.14,162820
t2_c2_3_8_1,1.01,162892
t2_c2_3_8_1,0.99,163128
t2_c2_3_8_1,0.72,163112
t2_c2_3_8_1,1.00,162932
t2_c2_3_8_1,0.73,163120
t2_c2_3_8_1,0.97,162844
t2_c2_3_8_1,1.13,162848
t2_c2_3_8_2,1.12,162896
t2_c2_3_8_2,1.13,162952
t2_c2_3_8_2,0.79,162812
t2_c2_3_8_2,0.75,163144
t2_c2_3_8_2,1.01,163116
t2_c2_3_8_2,1.02,163128
t2_c2_3_8_2,0.74,162800
t2_c2_3_8_2,1.13,163144
t2_c2_3_8_2,1.12,163224
t2_c2_3_8_2,1.14,162864
t2_c2_4_16_2,1.44,281508
t2_c2_4_16_2,1.27,281188
t2_c2_4_16_2,1.11,281176
t2_c2_4_16_2,1.34,281320
t2_c2_4_16_2,1.66,281092
t2_c2_4_16_2,1.66,281540
t2_c2_4_16_2,1.28,281092
t2_c2_4_16_2,1.14,281304
t2_c2_4_16_2,1.11,281216
t2_c2_4_16_2,1.12,281460
t2_c2_4_2_2,1.09,162680
t2_c2_4_2_2,1.10,162656
t2_c2_4_2_2,1.11,162640
t2_c2_4_2_2,1.04,162688
t2_c2_4_2_2,0.97,162644
t2_c2_4_2_2,0.73,162400
t2_c2_4_2_2,0.72,162700
t2_c2_4_2_2,0.83,162276
t2_c2_4_2_2,0.74,162392
t2_c2_4_2_2,1.10,162684
t2_c2_4_4_2,1.12,162920
t2_c2_4_4_2,1.12,162952
t2_c2_4_4_2,1.01,162548
t2_c2_4_4_2,0.98,162708
t2_c2_4_4_2,0.82,162956
t2_c2_4_4_2,0.72,162920
t2_c2_4_4_2,0.83,162676
t2_c2_4_4_2,0.96,162916
t2_c2_4_4_2,1.11,162932
t2_c2_4_4_2,1.12,162672
t2_c2_4_8_2,1.17,168076
t2_c2_4_8_2,0.84,168192
t2_c2_4_8_2,0.77,168220
t2_c2_4_8_2,0.77,168312
t2_c2_4_8_2,1.05,167988
t2_c2_4_8_2,0.74,167912
t2_c2_4_8_2,1.06,168036
t2_c2_4_8_2,1.15,168312
t2_c2_4_8_2,1.16,168276
t2_c2_4_8_2,1.09,167940
t2_c2_5_2_2,0.99,162436
t2_c2_5_2_2,1.01,162416
t2_c2_5_2_2,0.71,162456
t2_c2_5_2_2,1.00,162516
t2_c2_5_2_2,0.96,162260
t2_c2_5_2_2,1.13,162692
t2_c2_5_2_2,1.12,162636
t2_c2_5_2_2,1.12,162264
t2_c2_5_2_2,0.79,162520
t2_c2_5_2_2,0.75,162716
t2_c2_5_2_3,1.01,162508
t2_c2_5_2_3,1.03,162292
t2_c2_5_2_3,0.75,162388
t2_c2_5_2_3,1.13,162392
t2_c2_5_2_3,1.14,162392
t2_c2_5_2_3,1.12,162388
t2_c2_5_2_3,1.13,162664
t2_c2_5_2_3,1.13,162520
t2_c2_5_2_3,1.14,162276
t2_c2_5_2_3,1.12,162300
t2_c2_5_3_2,0.81,162864
t2_c2_5_3_2,0.83,162476
t2_c2_5_3_2,0.74,162608
t2_c2_5_3_2,0.83,162860
t2_c2_5_3_2,0.75,162948
t2_c2_5_3_2,0.98,162876
t2_c2_5_3_2,1.12,162608
t2_c2_5_3_2,1.14,162876
t2_c2_5_3_2,1.12,162496
t2_c2_5_3_2,0.78,162728
t2_c2_5_4_2,0.84,163112
t2_c2_5_4_2,0.73,163456
t2_c2_5_4_2,0.84,163480
t2_c2_5_4_2,0.85,163104
t2_c2_5_4_2,1.11,163488
t2_c2_5_4_2,1.16,163460
t2_c2_5_4_2,1.13,163100
t2_c2_5_4_2,1.09,163264
t2_c2_5_4_2,0.99,163228
t2_c2_5_4_2,0.73,163408
t2_c2_5_4_3,0.74,163236
t2_c2_5_4_3,0.76,163172
t2_c2_5_4_3,0.87,163424
t2_c2_5_4_3,1.13,163448
t2_c2_5_4_3,1.13,163540
t2_c2_5_4_3,1.12,163452
t2_c2_5_4_3,1.00,163124
t2_c2_5_4_3,0.73,163452
t2_c2_5_4_3,6.66,163140
t2_c2_5_4_3,0.85,163324
t2_c2_5_8_2,1.23,210836
t2_c2_5_8_2,1.39,210812
t2_c2_5_8_2,1.39,210396
t2_c2_5_8_2,1.14,210644
t2_c2_5_8_2,0.91,210532
t2_c2_5_8_2,0.93,210512
t2_c2_5_8_2,1.05,210504
t2_c2_5_8_2,1.11,210404
t2_c2_5_8_2,1.40,210492
t2_c2_5_8_2,1.42,210540
t2_c2_5_8_3,1.21,210392
t2_c2_5_8_3,1.06,210496
t2_c2_5_8_3,0.94,210888
t2_c2_5_8_3,0.93,210532
t2_c2_5_8_3,1.05,210916
t2_c2_5_8_3,1.41,210288
t2_c2_5_8_3,1.40,210836
t2_c2_5_8_3,1.25,210572
t2_c2_5_8_3,1.03,210536
t2_c2_5_8_3,1.06,210848
t2_c2_6_2_3,0.99,162416
t2_c2_6_2_3,0.74,162412
t2_c2_6_2_3,1.09,162624
t2_c2_6_2_3,1.10,162496
t2_c2_6_2_3,1.11,162552
t2_c2_6_2_3,1.02,162484
t2_c2_6_2_3,0.72,162624
t2_c2_6_2_3,0.73,162660
t2_c2_6_2_3,0.73,162580
t2_c2_6_2_3,0.82,162384
t2_c2_6_4_3,0.86,168324
t2_c2_6_4_3,1.14,168284
t2_c2_6_4_3,1.15,168312
t2_c2_6_4_3,1.16,168072
t2_c2_6_4_3,1.03,167928
t2_c2_6_4_3,0.77,168200
t2_c2_6_4_3,0.75,168332
t2_c2_6_4_3,0.76,168296
t2_c2_6_4_3,0.85,168392
t2_c2_6_4_3,0.75,167916
t3_c1_2_16_1,1.09,157944
t3_c1_2_16_1,1.08,157664
t3_c1_2_16_1,1.10,157880
t3_c1_2_16_1,1.02,157768
t3_c1_2_16_1,0.80,157880
t3_c1_2_16_1,0.80,157912
t3_c1_2_16_1,0.81,157508
t3_c1_2_16_1,0.97,157800
t3_c1_2_16_1,0.77,157940
t3_c1_2_16_1,1.10,157908
t3_c1_2_2_1,1.10,157616
t3_c1_2_2_1,1.10,157508
t3_c1_2_2_1,0.96,157456
t3_c1_2_2_1,0.71,157504
t3_c1_2_2_1,0.70,157776
t3_c1_2_2_1,0.71,157788
t3_c1_2_2_1,0.71,157716
t3_c1_2_2_1,0.71,157728
t3_c1_2_2_1,0.95,157848
t3_c1_2_2_1,1.08,157756
t3_c1_2_32_1,1.09,158504
t3_c1_2_32_1,1.09,158512
t3_c1_2_32_1,0.77,158652
t3_c1_2_32_1,0.72,158652
t3_c1_2_32_1,0.71,158404
t3_c1_2_32_1,0.72,158632
t3_c1_2_32_1,0.72,158652
t3_c1_2_32_1,0.76,158364
t3_c1_2_32_1,1.10,158636
t3_c1_2_32_1,1.10,158276
t3_c1_2_4_1,1.10,157784
t3_c1_2_4_1,0.95,157524
t3_c1_2_4_1,0.95,157820
t3_c1_2_4_1,0.70,157876
t3_c1_2_4_1,0.71,157876
t3_c1_2_4_1,0.71,157852
t3_c1_2_4_1,0.81,157800
t3_c1_2_4_1,1.10,157756
t3_c1_2_4_1,1.09,157492
t3_c1_2_4_1,1.09,157488
t3_c1_2_64_1,1.02,163464
t3_c1_2_64_1,0.74,163468
t3_c1_2_64_1,0.87,163476
t3_c1_2_64_1,0.83,163476
t3_c1_2_64_1,0.73,163464
t3_c1_2_64_1,0.86,163320
t3_c1_2_64_1,1.11,163460
t3_c1_2_64_1,1.12,163464
t3_c1_2_64_1,1.11,163472
t3_c1_2_64_1,0.98,163468
t3_c1_2_8_1,0.80,157384
t3_c1_2_8_1,0.99,157704
t3_c1_2_8_1,0.80,157656
t3_c1_2_8_1,0.71,157640
t3_c1_2_8_1,0.81,157520
t3_c1_2_8_1,1.08,157552
t3_c1_2_8_1,1.08,157616
t3_c1_2_8_1,1.09,157772
t3_c1_2_8_1,0.91,157800
t3_c1_2_8_1,0.79,157672
t3_c1_3_16_1,1.17,189200
t3_c1_3_16_1,1.16,189176
t3_c1_3_16_1,1.15,188948
t3_c1_3_16_1,1.52,189332
t3_c1_3_16_1,1.52,189204
t3_c1_3_16_1,1.55,189092
t3_c1_3_16_1,1.52,189124
t3_c1_3_16_1,1.53,188940
t3_c1_3_16_1,1.52,188972
t3_c1_3_16_1,1.55,189316
t3_c1_3_16_2,1.13,163212
t3_c1_3_16_2,0.87,163372
t3_c1_3_16_2,0.73,163444
t3_c1_3_16_2,0.75,163204
t3_c1_3_16_2,0.73,163476
t3_c1_3_16_2,0.85,162952
t3_c1_3_16_2,0.93,163084
t3_c1_3_16_2,1.15,163444
t3_c1_3_16_2,1.14,163072
t3_c1_3_16_2,1.15,163096
t3_c1_3_2_1,0.83,159920
t3_c1_3_2_1,0.71,159956
t3_c1_3_2_1,0.81,159936
t3_c1_3_2_1,0.72,159624
t3_c1_3_2_1,0.82,159952
t3_c1_3_2_1,0.93,159624
t3_c1_3_2_1,1.11,159572
t3_c1_3_2_1,1.11,159708
t3_c1_3_2_1,1.11,159576
t3_c1_3_2_1,0.79,159916
t3_c1_3_2_2,0.72,157688
t3_c1_3_2_2,0.73,157776
t3_c1_3_2_2,0.74,157368
t3_c1_3_2_2,0.82,157420
t3_c1_3_2_2,1.05,157740
t3_c1_3_2_2,1.11,157688
t3_c1_3_2_2,1.11,157408
t3_c1_3_2_2,1.10,157544
t3_c1_3_2_2,0.80,157860
t3_c1_3_2_2,0.72,157604
t3_c1_3_32_1,2.19,300212
t3_c1_3_32_1,2.90,299928
t3_c1_3_32_1,2.89,299984
t3_c1_3_32_1,2.94,300040
t3_c1_3_32_1,3.03,300216
t3_c1_3_32_1,3.16,300116
t3_c1_3_32_1,2.90,299876
t3_c1_3_32_1,2.16,300272
t3_c1_3_32_1,3.01,299868
t3_c1_3_32_1,2.97,300300
t3_c1_3_32_2,1.17,216328
t3_c1_3_32_2,1.04,216512
t3_c1_3_32_2,1.07,216300
t3_c1_3_32_2,1.31,216328
t3_c1_3_32_2,1.57,216108
t3_c1_3_32_2,1.59,216588
t3_c1_3_32_2,1.21,216176
t3_c1_3_32_2,1.04,216556
t3_c1_3_32_2,1.04,216176
t3_c1_3_32_2,1.25,216572
t3_c1_3_4_1,1.10,159976
t3_c1_3_4_1,1.12,159944
t3_c1_3_4_1,1.10,159700
t3_c1_3_4_1,0.91,159944
t3_c1_3_4_1,0.99,159944
t3_c1_3_4_1,0.81,159636
t3_c1_3_4_1,0.72,159732
t3_c1_3_4_1,0.98,159588
t3_c1_3_4_1,1.09,159672
t3_c1_3_4_1,1.12,160044
t3_c1_3_4_2,1.11,157760
t3_c1_3_4_2,1.09,157860
t3_c1_3_4_2,0.72,157508
t3_c1_3_4_2,0.72,157388
t3_c1_3_4_2,0.71,157780
t3_c1_3_4_2,0.72,157556
t3_c1_3_4_2,0.73,157636
t3_c1_3_4_2,0.86,157856
t3_c1_3_4_2,1.09,157748
t3_c1_3_4_2,1.10,157724
t3_c1_3_8_1,1.10,160152
t3_c1_3_8_1,0.92,160432
t3_c1_3_8_1,0.85,160440
t3_c1_3_8_1,0.99,160068
t3_c1_3_8_1,0.71,160048
t3_c1_3_8_1,0.73,160344
t3_c1_3_8_1,0.91,160520
t3_c1_3_8_1,1.10,160148
t3_c1_3_8_1,1.10,160436
t3_c1_3_8_1,1.11,160396
t3_c1_3_8_2,0.81,158056
t3_c1_3_8_2,0.72,157844
t3_c1_3_8_2,0.72,157940
t3_c1_3_8_2,0.72,158280
t3_c1_3_8_2,0.73,157856
t3_c1_3_8_2,0.85,157896
t3_c1_3_8_2,1.11,158044
t3_c1_3_8_2,1.10,158008
t3_c1_3_8_2,1.09,157980
t3_c1_3_8_2,0.95,158320
t3_c1_4_16_2,1.36,299084
t3_c1_4_16_2,1.37,299356
t3_c1_4_16_2,1.50,299212
t3_c1_4_16_2,2.01,299328
t3_c1_4_16_2,1.94,299360
t3_c1_4_16_2,1.60,299408
t3_c1_4_16_2,1.57,299092
t3_c1_4_16_2,1.65,299320
t3_c1_4_16_2,2.05,299092
t3_c1_4_16_2,1.76,298988
t3_c1_4_2_2,0.80,157800
t3_c1_4_2_2,0.82,157756
t3_c1_4_2_2,0.71,157600
t3_c1_4_2_2,0.72,157568
t3_c1_4_2_2,0.81,157772
t3_c1_4_2_2,1.08,157552
t3_c1_4_2_2,1.09,157356
t3_c1_4_2_2,1.09,157820
t3_c1_4_2_2,0.94,157644
t3_c1_4_2_2,0.71,157420
t3_c1_4_4_2,0.71,157940
t3_c1_4_4_2,0.73,157456
t3_c1_4_4_2,0.82,157668
t3_c1_4_4_2,0.73,157916
t3_c1_4_4_2,1.06,157584
t3_c1_4_4_2,1.10,157952
t3_c1_4_4_2,1.11,157536
t3_c1_4_4_2,1.03,158028
t3_c1_4_4_2,0.79,157776
t3_c1_4_4_2,0.81,157956
t3_c1_4_8_2,0.73,163200
t3_c1_4_8_2,0.76,163192
t3_c1_4_8_2,0.78,163172
t3_c1_4_8_2,1.13,163296
t3_c1_4_8_2,1.12,163472
t3_c1_4_8_2,1.13,163008
t3_c1_4_8_2,1.05,163492
t3_c1_4_8_2,0.99,163456
t3_c1_4_8_2,1.03,163204
t3_c1_4_8_2,0.83,163476
t3_c1_5_2_2,1.00,159976
t3_c1_5_2_2,1.08,160044
t3_c1_5_2_2,1.12,159840
t3_c1_5_2_2,1.11,159732
t3_c1_5_2_2,1.05,159828
t3_c1_5_2_2,0.74,159976
t3_c1_5_2_2,0.81,159656
t3_c1_5_2_2,0.82,159580
t3_c1_5_2_2,1.01,159652
t3_c1_5_2_2,0.87,159840
t3_c1_5_2_3,1.10,159932
t3_c1_5_2_3,1.10,159932
t3_c1_5_2_3,1.12,159972
t3_c1_5_2_3,1.10,159972
t3_c1_5_2_3,1.12,159980
t3_c1_5_2_3,1.10,159704
t3_c1_5_2_3,1.11,159588
t3_c1_5_2_3,0.81,159812
t3_c1_5_2_3,0.72,159816
t3_c1_5_2_3,0.82,159688
t3_c1_5_3_2,0.74,160100
t3_c1_5_3_2,0.73,159688
t3_c1_5_3_2,0.90,160084
t3_c1_5_3_2,1.10,160076
t3_c1_5_3_2,1.12,159792
t3_c1_5_3_2,1.11,160068
t3_c1_5_3_2,0.88,159816
t3_c1_5_3_2,0.73,159828
t3_c1_5_3_2,0.81,159808
t3_c1_5_3_2,0.72,160084
t3_c1_5_4_2,0.83,160604
t3_c1_5_4_2,0.92,160840
t3_c1_5_4_2,1.13,160608
t3_c1_5_4_2,1.10,160844
t3_c1_5_4_2,1.13,160496
t3_c1_5_4_2,0.92,160860
t3_c1_5_4_2,0.83,160868
t3_c1_5_4_2,0.83,160892
t3_c1_5_4_2,0.83,160844
t3_c1_5_4_2,0.83,160692
t3_c1_5_4_3,0.96,160868
t3_c1_5_4_3,1.12,160588
t3_c1_5_4_3,1.11,160492
t3_c1_5_4_3,1.12,160596
t3_c1_5_4_3,0.77,160872
t3_c1_5_4_3,0.73,160644
t3_c1_5_4_3,0.73,160500
t3_c1_5_4_3,0.82,160716
t3_c1_5_4_3,0.83,160824
t3_c1_5_4_3,1.09,160868
t3_c1_5_8_2,3.13,300164
t3_c1_5_8_2,2.26,299928
t3_c1_5_8_2,2.54,300072
t3_c1_5_8_2,3.13,300180
t3_c1_5_8_2,2.39,299860
t3_c1_5_8_2,3.00,299812
t3_c1_5_8_2,3.12,299932
t3_c1_5_8_2,2.29,300188
t3_c1_5_8_2,2.19,300236
t3_c1_5_8_2,3.13,299992
t3_c1_5_8_3,1.40,216344
t3_c1_5_8_3,1.19,216616
t3_c1_5_8_3,1.06,216580
t3_c1_5_8_3,1.08,216604
t3_c1_5_8_3,1.42,216332
t3_c1_5_8_3,1.57,216340
t3_c1_5_8_3,1.59,216576
t3_c1_5_8_3,1.18,216456
t3_c1_5_8_3,1.07,216620
t3_c1_5_8_3,1.23,216348
t3_c1_6_2_3,0.77,157688
t3_c1_6_2_3,1.10,157792
t3_c1_6_2_3,1.09,157308
t3_c1_6_2_3,1.10,157748
t3_c1_6_2_3,1.09,157864
t3_c1_6_2_3,1.09,157796
t3_c1_6_2_3,1.08,157624
t3_c1_6_2_3,1.09,157404
t3_c1_6_2_3,0.89,157764
t3_c1_6_2_3,0.72,157776
t3_c1_6_4_3,0.84,163204
t3_c1_6_4_3,0.84,163200
t3_c1_6_4_3,0.75,163080
t3_c1_6_4_3,0.85,163484
t3_c1_6_4_3,1.13,163104
t3_c1_6_4_3,1.13,163460
t3_c1_6_4_3,1.12,163060
t3_c1_6_4_3,0.89,163196
t3_c1_6_4_3,0.75,163084
t3_c1_6_4_3,0.76,163348
t3_c2_2_16_1,0.86,164488
t3_c2_2_16_1,1.05,164804
t3_c2_2_16_1,0.98,164536
t3_c2_2_16_1,1.16,164668
t3_c2_2_16_1,1.17,164900
t3_c2_2_16_1,1.17,164932
t3_c2_2_16_1,1.17,164840
t3_c2_2_16_1,1.16,164804
t3_c2_2_16_1,1.16,164520
t3_c2_2_16_1,0.96,164520
t3_c2_2_2_1,0.75,164392
t3_c2_2_2_1,0.85,164596
t3_c2_2_2_1,0.88,164728
t3_c2_2_2_1,0.86,164436
t3_c2_2_2_1,1.00,164668
t3_c2_2_2_1,1.14,164488
t3_c2_2_2_1,1.16,164720
t3_c2_2_2_1,1.15,164772
t3_c2_2_2_1,0.86,164796
t3_c2_2_2_1,0.86,164756
t3_c2_2_32_1,0.76,165184
t3_c2_2_32_1,0.77,165596
t3_c2_2_32_1,0.87,165372
t3_c2_2_32_1,1.10,165676
t3_c2_2_32_1,1.16,165548
t3_c2_2_32_1,1.16,165548
t3_c2_2_32_1,1.04,165276
t3_c2_2_32_1,0.77,165564
t3_c2_2_32_1,0.78,165228
t3_c2_2_32_1,0.87,165204
t3_c2_2_4_1,0.76,164364
t3_c2_2_4_1,0.91,164768
t3_c2_2_4_1,1.15,164788
t3_c2_2_4_1,1.14,164392
t3_c2_2_4_1,1.16,164432
t3_c2_2_4_1,0.92,164660
t3_c2_2_4_1,0.76,164528
t3_c2_2_4_1,0.76,164408
t3_c2_2_4_1,1.03,164856
t3_c2_2_4_1,0.86,164680
t3_c2_2_64_1,1.05,170424
t3_c2_2_64_1,1.20,170324
t3_c2_2_64_1,1.18,170092
t3_c2_2_64_1,1.12,170456
t3_c2_2_64_1,0.89,170308
t3_c2_2_64_1,1.09,170244
t3_c2_2_64_1,0.87,170068
t3_c2_2_64_1,0.89,170460
t3_c2_2_64_1,1.05,170436
t3_c2_2_64_1,1.19,170352
t3_c2_2_8_1,1.17,164504
t3_c2_2_8_1,1.09,164536
t3_c2_2_8_1,0.84,164736
t3_c2_2_8_1,0.75,164380
t3_c2_2_8_1,1.03,164708
t3_c2_2_8_1,0.78,164468
t3_c2_2_8_1,0.85,164376
t3_c2_2_8_1,1.17,164444
t3_c2_2_8_1,1.17,164492
t3_c2_2_8_1,1.16,164768
t3_c2_3_16_1,1.60,198192
t3_c2_3_16_1,1.61,197812
t3_c2_3_16_1,1.60,197960
t3_c2_3_16_1,1.60,198204
t3_c2_3_16_1,1.60,197756
t3_c2_3_16_1,1.37,197892
t3_c2_3_16_1,1.42,197976
t3_c2_3_16_1,1.20,198100
t3_c2_3_16_1,1.51,197896
t3_c2_3_16_1,1.59,198200
t3_c2_3_16_2,1.21,170040
t3_c2_3_16_2,1.05,170108
t3_c2_3_16_2,0.79,169936
t3_c2_3_16_2,0.79,170072
t3_c2_3_16_2,0.89,170144
t3_c2_3_16_2,0.79,170160
t3_c2_3_16_2,1.04,170000
t3_c2_3_16_2,1.20,170276
t3_c2_3_16_2,1.21,170292
t3_c2_3_16_2,1.18,170032
t3_c2_3_2_1,1.03,166668
t3_c2_3_2_1,0.86,166496
t3_c2_3_2_1,1.06,166640
t3_c2_3_2_1,0.86,166524
t3_c2_3_2_1,1.02,166540
t3_c2_3_2_1,1.18,166708
t3_c2_3_2_1,1.18,166548
t3_c2_3_2_1,1.14,166692
t3_c2_3_2_1,0.86,166708
t3_c2_3_2_1,0.87,166436
t3_c2_3_2_2,0.86,164592
t3_c2_3_2_2,0.77,164312
t3_c2_3_2_2,0.92,164348
t3_c2_3_2_2,1.15,164584
t3_c2_3_2_2,1.16,164580
t3_c2_3_2_2,1.17,164556
t3_c2_3_2_2,0.96,164572
t3_c2_3_2_2,0.87,164336
t3_c2_3_2_2,1.06,164176
t3_c2_3_2_2,0.80,164328
t3_c2_3_32_1,2.82,309164
t3_c2_3_32_1,2.89,308884
t3_c2_3_32_1,2.47,309168
t3_c2_3_32_1,2.77,308816
t3_c2_3_32_1,3.19,308884
t3_c2_3_32_1,3.25,309012
t3_c2_3_32_1,3.00,309180
t3_c2_3_32_1,3.10,308892
t3_c2_3_32_1,3.01,309120
t3_c2_3_32_1,3.08,308936
t3_c2_3_32_2,1.63,225460
t3_c2_3_32_2,1.64,225376
t3_c2_3_32_2,1.53,225500
t3_c2_3_32_2,1.08,225128
t3_c2_3_32_2,1.50,225312
t3_c2_3_32_2,1.51,225312
t3_c2_3_32_2,1.65,225492
t3_c2_3_32_2,1.65,225380
t3_c2_3_32_2,1.54,225444
t3_c2_3_32_2,1.24,225504
t3_c2_3_4_1,0.76,166728
t3_c2_3_4_1,0.87,166652
t3_c2_3_4_1,1.09,166508
t3_c2_3_4_1,1.16,166420
t3_c2_3_4_1,1.19,166460
t3_c2_3_4_1,1.10,166408
t3_c2_3_4_1,0.76,166752
t3_c2_3_4_1,0.78,166648
t3_c2_3_4_1,0.76,166304
t3_c2_3_4_1,0.78,166460
t3_c2_3_4_2,0.86,164616
t3_c2_3_4_2,1.15,164576
t3_c2_3_4_2,1.15,164592
t3_c2_3_4_2,1.17,164448
t3_c2_3_4_2,1.03,164556
t3_c2_3_4_2,0.87,164556
t3_c2_3_4_2,0.77,164456
t3_c2_3_4_2,0.77,164588
t3_c2_3_4_2,0.86,164588
t3_c2_3_4_2,0.98,164216
t3_c2_3_8_1,1.18,166908
t3_c2_3_8_1,1.17,167172
t3_c2_3_8_1,1.17,166916
t3_c2_3_8_1,1.18,167196
t3_c2_3_8_1,1.16,167156
t3_c2_3_8_1,1.17,166996
t3_c2_3_8_1,1.04,167064
t3_c2_3_8_1,0.77,166896
t3_c2_3_8_1,0.87,167168
t3_c2_3_8_1,0.76,166984
t3_c2_3_8_2,0.77,164676
t3_c2_3_8_2,0.92,165068
t3_c2_3_8_2,1.16,164784
t3_c2_3_8_2,1.16,164648
t3_c2_3_8_2,1.17,165064
t3_c2_3_8_2,0.90,165008
t3_c2_3_8_2,0.86,164852
t3_c2_3_8_2,0.76,165088
t3_c2_3_8_2,0.77,164660
t3_c2_3_8_2,1.05,164852
t3_c2_4_16_2,2.09,308160
t3_c2_4_16_2,2.11,307884
t3_c2_4_16_2,2.10,308036
t3_c2_4_16_2,2.08,307880
t3_c2_4_16_2,1.44,307864
t3_c2_4_16_2,1.41,308012
t3_c2_4_16_2,1.44,308232
t3_c2_4_16_2,2.09,308232
t3_c2_4_16_2,2.06,308084
t3_c2_4_16_2,1.58,308264
t3_c2_4_2_2,0.77,164800
t3_c2_4_2_2,1.08,164780
t3_c2_4_2_2,0.91,164864
t3_c2_4_2_2,1.16,164800
t3_c2_4_2_2,1.17,164248
t3_c2_4_2_2,1.15,164788
t3_c2_4_2_2,1.16,164820
t3_c2_4_2_2,1.17,164748
t3_c2_4_2_2,1.15,164756
t3_c2_4_2_2,1.13,164800
t3_c2_4_4_2,0.76,164888
t3_c2_4_4_2,0.86,164900
t3_c2_4_4_2,0.86,164920
t3_c2_4_4_2,0.76,164492
t3_c2_4_4_2,1.07,164892
t3_c2_4_4_2,1.17,164892
t3_c2_4_4_2,1.15,164604
t3_c2_4_4_2,1.16,164900
t3_c2_4_4_2,0.95,164724
t3_c2_4_4_2,0.75,164892
t3_c2_4_8_2,1.07,170416
t3_c2_4_8_2,0.78,170152
t3_c2_4_8_2,1.10,170336
t3_c2_4_8_2,1.18,170060
t3_c2_4_8_2,1.18,170136
t3_c2_4_8_2,1.21,170440
t3_c2_4_8_2,1.18,170452
t3_c2_4_8_2,1.20,170444
t3_c2_4_8_2,1.19,170116
t3_c2_4_8_2,1.11,170476
t3_c2_5_2_2,0.77,166736
t3_c2_5_2_2,0.78,166692
t3_c2_5_2_2,0.87,166580
t3_c2_5_2_2,0.89,166364
t3_c2_5_2_2,0.93,166324
t3_c2_5_2_2,1.18,166444
t3_c2_5_2_2,1.19,166680
t3_c2_5_2_2,1.19,166600
t3_c2_5_2_2,0.94,166292
t3_c2_5_2_2,1.04,166808
t3_c2_5_2_3,0.87,166572
t3_c2_5_2_3,0.78,166452
t3_c2_5_2_3,0.79,166392
t3_c2_5_2_3,1.18,166712
t3_c2_5_2_3,1.16,166744
t3_c2_5_2_3,1.19,166672
t3_c2_5_2_3,0.97,166676
t3_c2_5_2_3,1.04,166684
t3_c2_5_2_3,1.07,166576
t3_c2_5_2_3,0.87,166304
t3_c2_5_3_2,0.78,166628
t3_c2_5_3_2,1.18,166760
t3_c2_5_3_2,1.17,166712
t3_c2_5_3_2,1.17,166860
t3_c2_5_3_2,1.19,166736
t3_c2_5_3_2,1.19,166412
t3_c2_5_3_2,1.19,166708
t3_c2_5_3_2,1.19,166824
t3_c2_5_3_2,0.79,166804
t3_c2_5_3_2,0.87,166628
t3_c2_5_4_2,0.78,167236
t3_c2_5_4_2,0.88,167540
t3_c2_5_4_2,0.78,167504
t3_c2_5_4_2,1.17,167612
t3_c2_5_4_2,1.20,167468
t3_c2_5_4_2,1.18,167584
t3_c2_5_4_2,1.02,167344
t3_c2_5_4_2,1.05,167428
t3_c2_5_4_2,1.07,167492
t3_c2_5_4_2,0.87,167380
t3_c2_5_4_3,0.82,167516
t3_c2_5_4_3,1.19,167328
t3_c2_5_4_3,1.17,167520
t3_c2_5_4_3,1.18,167348
t3_c2_5_4_3,0.94,167140
t3_c2_5_4_3,0.79,167504
t3_c2_5_4_3,0.78,167512
t3_c2_5_4_3,0.79,167272
t3_c2_5_4_3,0.88,167216
t3_c2_5_4_3,0.98,167360
t3_c2_5_8_2,3.22,308888
t3_c2_5_8_2,3.19,308872
t3_c2_5_8_2,2.64,308732
t3_c2_5_8_2,2.34,308800
t3_c2_5_8_2,3.05,308896
t3_c2_5_8_2,3.18,309108
t3_c2_5_8_2,3.00,309000
t3_c2_5_8_2,2.46,309112
t3_c2_5_8_2,2.62,309112
t3_c2_5_8_2,3.09,309120
t3_c2_5_8_3,1.51,225228
t3_c2_5_8_3,1.24,227304
t3_c2_5_8_3,1.14,227300
t3_c2_5_8_3,1.64,225516
t3_c2_5_8_3,1.66,225532
t3_c2_5_8_3,1.65,227184
t3_c2_5_8_3,1.63,225232
t3_c2_5_8_3,1.62,225472
t3_c2_5_8_3,1.09,225408
t3_c2_5_8_3,1.24,225504
t3_c2_6_2_3,1.03,164380
t3_c2_6_2_3,1.09,164732
t3_c2_6_2_3,1.17,164584
t3_c2_6_2_3,1.17,164412
t3_c2_6_2_3,1.15,164764
t3_c2_6_2_3,0.92,164636
t3_c2_6_2_3,1.02,164760
t3_c2_6_2_3,0.85,164768
t3_c2_6_2_3,0.87,164764
t3_c2_6_2_3,1.07,164836
t3_c2_6_4_3,1.21,170476
t3_c2_6_4_3,1.21,170428
t3_c2_6_4_3,1.20,170168
t3_c2_6_4_3,0.85,170340
t3_c2_6_4_3,0.78,170408
t3_c2_6_4_3,0.79,170260
t3_c2_6_4_3,0.80,170212
t3_c2_6_4_3,0.81,170308
t3_c2_6_4_3,1.08,170468
t3_c2_6_4_3,1.18,170428
t3_c3_2_16_1,1.14,162548
t3_c3_2_16_1,1.14,162768
t3_c3_2_16_1,1.16,162388
t3_c3_2_16_1,1.15,162392
t3_c3_2_16_1,1.15,162516
t3_c3_2_16_1,0.94,162436
t3_c3_2_16_1,0.84,162552
t3_c3_2_16_1,0.85,162796
t3_c3_2_16_1,0.74,162416
t3_c3_2_16_1,0.85,162776
t3_c3_2_2_1,0.91,162332
t3_c3_2_2_1,1.15,162740
t3_c3_2_2_1,1.15,162288
t3_c3_2_2_1,1.15,162616
t3_c3_2_2_1,0.82,162648
t3_c3_2_2_1,0.77,162684
t3_c3_2_2_1,0.77,162268
t3_c3_2_2_1,1.04,162436
t3_c3_2_2_1,0.75,162340
t3_c3_2_2_1,1.07,162664
t3_c3_2_32_1,1.15,163300
t3_c3_2_32_1,1.15,163264
t3_c3_2_32_1,1.09,163364
t3_c3_2_32_1,0.84,163448
t3_c3_2_32_1,1.02,163388
t3_c3_2_32_1,0.84,163440
t3_c3_2_32_1,0.86,163128
t3_c3_2_32_1,1.11,163400
t3_c3_2_32_1,1.16,163344
t3_c3_2_32_1,1.15,163188
t3_c3_2_4_1,1.14,162672
t3_c3_2_4_1,1.14,162548
t3_c3_2_4_1,1.15,162284
t3_c3_2_4_1,1.15,162628
t3_c3_2_4_1,0.99,162328
t3_c3_2_4_1,0.75,162320
t3_c3_2_4_1,0.75,162396
t3_c3_2_4_1,1.02,162420
t3_c3_2_4_1,0.75,162280
t3_c3_2_4_1,0.88,162660
t3_c3_2_64_1,1.16,168372
t3_c3_2_64_1,1.18,168368
t3_c3_2_64_1,1.19,168080
t3_c3_2_64_1,0.87,168112
t3_c3_2_64_1,0.80,168212
t3_c3_2_64_1,0.78,168332
t3_c3_2_64_1,0.78,168092
t3_c3_2_64_1,0.87,168332
t3_c3_2_64_1,1.00,168340
t3_c3_2_64_1,1.19,167864
t3_c3_2_8_1,1.15,162656
t3_c3_2_8_1,1.14,162684
t3_c3_2_8_1,1.14,162648
t3_c3_2_8_1,1.15,162288
t3_c3_2_8_1,1.13,162304
t3_c3_2_8_1,0.97,162400
t3_c3_2_8_1,0.83,162680
t3_c3_2_8_1,0.75,162632
t3_c3_2_8_1,1.02,162316
t3_c3_2_8_1,0.84,162288
t3_c3_3_16_1,1.46,196060
t3_c3_3_16_1,1.57,195828
t3_c3_3_16_1,1.56,195864
t3_c3_3_16_1,1.43,195828
t3_c3_3_16_1,1.47,195956
t3_c3_3_16_1,1.19,196092
t3_c3_3_16_1,1.58,196020
t3_c3_3_16_1,1.60,196076
t3_c3_3_16_1,1.58,196088
t3_c3_3_16_1,1.59,195936
t3_c3_3_16_2,1.18,169888
t3_c3_3_16_2,1.05,170284
t3_c3_3_16_2,0.94,170148
t3_c3_3_16_2,1.08,170340
t3_c3_3_16_2,0.79,170192
t3_c3_3_16_2,0.87,170372
t3_c3_3_16_2,1.16,169816
t3_c3_3_16_2,1.20,170064
t3_c3_3_16_2,1.19,170276
t3_c3_3_16_2,1.05,170284
t3_c3_3_2_1,1.00,164604
t3_c3_3_2_1,1.04,164692
t3_c3_3_2_1,0.86,164644
t3_c3_3_2_1,0.76,164272
t3_c3_3_2_1,1.11,164300
t3_c3_3_2_1,1.17,164380
t3_c3_3_2_1,1.16,164344
t3_c3_3_2_1,1.06,164676
t3_c3_3_2_1,0.86,164648
t3_c3_3_2_1,0.77,164648
t3_c3_3_2_2,0.85,164736
t3_c3_3_2_2,0.87,164476
t3_c3_3_2_2,0.87,164396
t3_c3_3_2_2,1.14,164444
t3_c3_3_2_2,1.16,164392
t3_c3_3_2_2,1.16,164296
t3_c3_3_2_2,0.86,164668
t3_c3_3_2_2,0.77,164584
t3_c3_3_2_2,0.77,164628
t3_c3_3_2_2,0.78,164460
t3_c3_3_32_1,3.08,306816
t3_c3_3_32_1,2.92,306552
t3_c3_3_32_1,2.23,306992
t3_c3_3_32_1,2.73,307072
t3_c3_3_32_1,3.04,306672
t3_c3_3_32_1,3.05,307068
t3_c3_3_32_1,2.93,306940
t3_c3_3_32_1,3.18,306828
t3_c3_3_32_1,3.16,306856
t3_c3_3_32_1,2.49,306700
t3_c3_3_32_2,1.08,223112
t3_c3_3_32_2,1.43,223464
t3_c3_3_32_2,1.62,223416
t3_c3_3_32_2,1.57,223172
t3_c3_3_32_2,1.47,223424
t3_c3_3_32_2,1.22,222996
t3_c3_3_32_2,1.24,223032
t3_c3_3_32_2,1.55,223444
t3_c3_3_32_2,1.61,223140
t3_c3_3_32_2,1.49,223240
t3_c3_3_4_1,1.04,164644
t3_c3_3_4_1,0.86,164280
t3_c3_3_4_1,0.87,164616
t3_c3_3_4_1,0.76,164660
t3_c3_3_4_1,1.05,164632
t3_c3_3_4_1,1.15,164516
t3_c3_3_4_1,1.18,164404
t3_c3_3_4_1,1.08,164360
t3_c3_3_4_1,0.76,164616
t3_c3_3_4_1,0.77,164660
t3_c3_3_4_2,1.03,164280
t3_c3_3_4_2,0.75,164664
t3_c3_3_4_2,0.82,164632
t3_c3_3_4_2,1.14,164324
t3_c3_3_4_2,1.15,164604
t3_c3_3_4_2,1.14,164672
t3_c3_3_4_2,0.97,164692
t3_c3_3_4_2,0.87,164300
t3_c3_3_4_2,1.04,164296
t3_c3_3_4_2,0.85,164680
t3_c3_3_8_1,0.75,164840
t3_c3_3_8_1,1.06,165160
t3_c3_3_8_1,1.18,164852
t3_c3_3_8_1,1.16,164848
t3_c3_3_8_1,1.08,165128
t3_c3_3_8_1,0.76,165116
t3_c3_3_8_1,0.86,165148
t3_c3_3_8_1,0.87,165096
t3_c3_3_8_1,0.77,164772
t3_c3_3_8_1,0.80,165196
t3_c3_3_8_2,1.15,165132
t3_c3_3_8_2,1.14,165032
t3_c3_3_8_2,1.15,165192
t3_c3_3_8_2,0.95,165224
t3_c3_3_8_2,0.77,165164
t3_c3_3_8_2,0.76,165132
t3_c3_3_8_2,1.04,165100
t3_c3_3_8_2,0.76,165136
t3_c3_3_8_2,0.94,165164
t3_c3_3_8_2,1.14,165004
t3_c3_4_16_2,2.08,306060
t3_c3_4_16_2,1.52,306212
t3_c3_4_16_2,1.60,305928
t3_c3_4_16_2,1.69,306232
t3_c3_4_16_2,2.08,305944
t3_c3_4_16_2,1.96,305984
t3_c3_4_16_2,1.42,306104
t3_c3_4_16_2,1.41,306288
t3_c3_4_16_2,1.58,306156
t3_c3_4_16_2,2.08,306176
t3_c3_4_2_2,1.14,162388
t3_c3_4_2_2,0.94,162736
t3_c3_4_2_2,0.76,162284
t3_c3_4_2_2,0.85,162672
t3_c3_4_2_2,1.04,162668
t3_c3_4_2_2,0.75,162664
t3_c3_4_2_2,1.05,162396
t3_c3_4_2_2,1.16,162748
t3_c3_4_2_2,1.15,162628
t3_c3_4_2_2,1.09,162632
t3_c3_4_4_2,0.75,162792
t3_c3_4_4_2,0.77,162800
t3_c3_4_4_2,1.03,162556
t3_c3_4_4_2,0.76,162412
t3_c3_4_4_2,0.79,162844
t3_c3_4_4_2,1.15,162640
t3_c3_4_4_2,1.15,162516
t3_c3_4_4_2,1.14,162796
t3_c3_4_4_2,1.00,162772
t3_c3_4_4_2,0.86,162392
t3_c3_4_8_2,0.77,168324
t3_c3_4_8_2,0.79,168368
t3_c3_4_8_2,0.89,168192
t3_c3_4_8_2,0.95,168140
t3_c3_4_8_2,1.17,168336
t3_c3_4_8_2,1.17,168352
t3_c3_4_8_2,1.19,168000
t3_c3_4_8_2,0.80,168312
t3_c3_4_8_2,1.06,168224
t3_c3_4_8_2,0.77,168332
t3_c3_5_2_2,0.77,164556
t3_c3_5_2_2,0.84,164440
t3_c3_5_2_2,1.18,164388
t3_c3_5_2_2,1.17,164640
t3_c3_5_2_2,1.17,164632
t3_c3_5_2_2,1.00,164680
t3_c3_5_2_2,0.87,164644
t3_c3_5_2_2,0.88,164640
t3_c3_5_2_2,0.76,164392
t3_c3_5_2_2,0.78,164364
t3_c3_5_2_3,1.02,164328
t3_c3_5_2_3,1.15,164612
t3_c3_5_2_3,1.15,164548
t3_c3_5_2_3,1.15,164448
t3_c3_5_2_3,0.78,164384
t3_c3_5_2_3,0.78,164624
t3_c3_5_2_3,0.86,164632
t3_c3_5_2_3,0.77,164648
t3_c3_5_2_3,1.07,164616
t3_c3_5_2_3,1.17,164616
t3_c3_5_3_2,1.17,164468
t3_c3_5_3_2,1.18,164616
t3_c3_5_3_2,0.99,164724
t3_c3_5_3_2,1.06,164500
t3_c3_5_3_2,0.76,164768
t3_c3_5_3_2,0.77,164512
t3_c3_5_3_2,0.79,164732
t3_c3_5_3_2,1.06,164364
t3_c3_5_3_2,1.15,164708
t3_c3_5_3_2,1.19,164740
t3_c3_5_4_2,1.11,165404
t3_c3_5_4_2,0.78,165140
t3_c3_5_4_2,0.87,165464
t3_c3_5_4_2,0.78,165180
t3_c3_5_4_2,0.80,165040
t3_c3_5_4_2,0.91,165416
t3_c3_5_4_2,1.16,165448
t3_c3_5_4_2,1.17,165440
t3_c3_5_4_2,1.16,165468
t3_c3_5_4_2,0.95,165140
t3_c3_5_4_3,1.07,165136
t3_c3_5_4_3,1.08,164996
t3_c3_5_4_3,0.87,165168
t3_c3_5_4_3,0.83,165136
t3_c3_5_4_3,1.18,165420
t3_c3_5_4_3,1.17,165056
t3_c3_5_4_3,1.18,165388
t3_c3_5_4_3,0.97,165072
t3_c3_5_4_3,0.88,165176
t3_c3_5_4_3,0.88,165016
t3_c3_5_8_2,3.10,306700
t3_c3_5_8_2,3.13,306648
t3_c3_5_8_2,3.06,307036
t3_c3_5_8_2,2.75,306988
t3_c3_5_8_2,2.93,306936
t3_c3_5_8_2,2.20,306696
t3_c3_5_8_2,2.65,307028
t3_c3_5_8_2,3.05,306848
t3_c3_5_8_2,3.05,307060
t3_c3_5_8_2,3.12,307132
t3_c3_5_8_3,1.65,225184
t3_c3_5_8_3,1.65,225448
t3_c3_5_8_3,1.63,225456
t3_c3_5_8_3,1.49,225476
t3_c3_5_8_3,1.11,225044
t3_c3_5_8_3,1.09,225048
t3_c3_5_8_3,1.12,225288
t3_c3_5_8_3,1.53,225072
t3_c3_5_8_3,1.63,225216
t3_c3_5_8_3,1.64,225220
t3_c3_6_2_3,1.14,162676
t3_c3_6_2_3,1.16,162628
t3_c3_6_2_3,1.15,162532
t3_c3_6_2_3,0.88,162688
t3_c3_6_2_3,0.85,162604
t3_c3_6_2_3,0.75,162308
t3_c3_6_2_3,0.76,162392
t3_c3_6_2_3,0.77,162224
t3_c3_6_2_3,0.98,162656
t3_c3_6_2_3,1.14,162572
t3_c3_6_4_3,1.18,168340
t3_c3_6_4_3,1.18,167816
t3_c3_6_4_3,1.18,168316
t3_c3_6_4_3,1.18,168356
t3_c3_6_4_3,1.19,168356
t3_c3_6_4_3,1.02,167960
t3_c3_6_4_3,1.07,167976
t3_c3_6_4_3,1.08,168352
t3_c3_6_4_3,1.09,168336
t3_c3_6_4_3,1.14,168336
